1,JLPT4,それ,それ,sore,"that, that one",Pronoun
2,JLPT4,見る,みる,miru,"see, look at",Verb
3,JLPT2,円,えん,en,circle,Noun
4,JLPT3,多い,おおい,ooi,lots of,Adjective
5,JLPT2,家,うち,uchi,"house, home",Noun
6,JLPT4,これ,これ,kore,"this, this one",Noun
7,JLPT4,新しい,あたらしい,atarashii,new,Adjective
8,JLPT2,私,わたし,otashi,I,Noun
9,JLPT4,仕事,しごと,shigoto,"work, job",Noun
10,JLPT3,始める,はじめる,hajimeru,"begin, start",Verb
11,JLPT4,なる,なる,naru,become,Verb
12,JLPT4,する,する,suru,"do, make",Verb
13,JLPT4,出る,でる,deru,"go out, leave",Verb
14,JLPT4,使う,つかう,tsukau,use,Verb
15,JLPT0,ところ,ところ,tokoro,place,Noun
16,JLPT3,思う,おもう,omou,think,Verb
17,JLPT4,持つ,もつ,motsu,"have, possess",Verb
18,JLPT4,時間,じかん,jikan,"time, hour",Noun
19,JLPT4,今年,ことし,kotoshi,this year,Noun
20,JLPT4,知る,しる,shiru,know,Verb
21,JLPT4,作る,つくる,tsukuru,"make, create",Verb
22,JLPT4,同じ,おなじ,onaji,"same, identical",Adjectival Noun
23,JLPT4,今,いま,ima,now,Adverb
24,JLPT3,続く,つづく,tsuzuku,"continue, follow",Verb
25,JLPT4,国,くに,kuni,country,Noun
26,JLPT2,未だ,まだ,mada,"yet, more",Adverb
27,JLPT4,やる,やる,yaru,do,Verb
28,JLPT4,言う,いう,iu,"say, tell",Verb
29,JLPT2,少ない,すくない,sukunai,"few, little",Adjective
30,JLPT4,行く,いく,iku,go,Verb
31,JLPT3,決める,きめる,kimeru,"decide, agree upon",Verb
32,JLPT4,高い,たかい,takai,"high, tall",Adjective
33,JLPT3,考える,かんがえる,kanbaeru,"think, consider",Verb
34,JLPT2,感じる,かんじる,kanjiru,"feel, sense",Verb
35,JLPT4,子供,こども,kodomo,"child, kid",Noun
36,JLPT4,そう,そう,sou,"in such manner, that way",Adverb
37,JLPT4,大学,だいがく,daigaku,"university, college",Noun
38,JLPT4,もう,もう,mou,"already, yet",Adverb
39,JLPT4,近く,ちかく,chikaku,"near, close to",Adverb
40,JLPT4,入れる,いれる,ireru,put in,Verb
41,JLPT4,学生,がくせい,gakusei,student,Noun
42,JLPT4,午後,ごご,gogo,"afternoon, p.m.",Noun
43,JLPT4,長い,ながい,nagai,long,Adjective
44,JLPT4,本,ほん,hon,"book, volume",Noun
45,JLPT4,よく,よく,yoku,often,Adverb
46,JLPT3,彼女,かのじょ,kanojo,"she, one's girlfriend",Pronoun
47,JLPT4,聞く,きく,kiku,"hear, ask",Verb
48,JLPT4,どう,どう,dou,"how, what",Adverb
49,JLPT3,生きる,いきる,ikiru,live (one's life),Verb
50,JLPT4,言葉,ことば,kotoba,"word, language",Noun
51,JLPT4,顔,かお,kao,face,Noun
52,JLPT4,どこ,どこ,doko,where,Noun
53,JLPT4,一つ,ひとつ,hitotsu,one (thing),Noun
54,JLPT3,あげる,あげる,ogeru,give,Verb
55,JLPT3,こう,こう,kou,"like this, this kind of",Adverb
56,JLPT4,学校,がっこう,gakkou,school,Noun
57,JLPT3,くれる,くれる,kureru,be given,Verb
58,JLPT4,起きる,おきる,okiru,"get up, get out of bed",Verb
59,JLPT4,春,はる,haru,spring,Noun
60,JLPT4,午前,ごぜん,gozen,"morning, a.m.",Noun
61,JLPT4,買う,かう,kau,buy,Verb
62,JLPT2,別,べつ,betsu,"another, different",Adjectival Noun
63,JLPT0,終わる,おわる,owaru,"finish, end",Verb
64,JLPT4,若い,わかい,wakai,young,Adjective
65,JLPT2,かなり,かなり,kanari,"fairly, rather",Adverb
66,JLPT4,置く,おく,oku,"put, leave",Verb
67,JLPT4,住む,すむ,sumu,"live, reside",Verb
68,JLPT3,戻る,もどる,modoru,"return, turn back",Verb
69,JLPT4,働く,はたらく,hataraku,work,Verb
70,JLPT4,後,あと,otoko,after,Adverb
71,JLPT4,先生,せんせい,sensei,teacher,Noun
72,JLPT4,立つ,たつ,tatsu,"stand, rise",Verb
73,JLPT3,気,き,ki,"spirit, temperament",Noun
74,JLPT4,呼ぶ,よぶ,yobu,"call, name",Verb
75,JLPT4,もっと,もっと,motto,more,Adverb
76,JLPT4,帰る,かえる,kaeru,"return, go back",Verb
77,JLPT3,気持ち,きもち,kimochi,"feeling, sensation",Noun
78,JLPT4,飛ぶ,とぶ,tobu,fly,Verb
79,JLPT4,車,くるま,kruma,"car, automobile",Noun
80,JLPT3,変える,かえる,kaeru,change,Verb
81,JLPT4,広い,ひろい,hiroi,"wide, big",Adjective
82,JLPT0,分かる,わかる,okaru,understand,Verb
83,JLPT2,数,かず,kazu,number,Noun
84,JLPT4,近い,ちかい,chikai,"near, soon",Adjective
85,JLPT4,そこ,そこ,soko,there,Pronoun
86,JLPT4,走る,はしる,hashiru,run,Verb
87,JLPT4,売る,うる,uru,sell,Verb
88,JLPT4,朝,あさ,asa,morning,Noun
89,JLPT4,教える,おしえる,oshieru,"teach, tell",Verb
90,JLPT4,歩く,あるく,oruku,"walk, go on foot",Verb
91,JLPT0,直ぐ,すぐ,sugu,"at once, soon",Adverb
92,JLPT4,会う,あう,au,meet,Verb
93,JLPT4,部屋,へや,heya,room,Noun
94,JLPT2,起こる,おこる,okoru,happen,Verb
95,JLPT4,秋,あき,aki,"autumn, fall",Noun
96,JLPT4,難しい,むずかしい,muzukashi,difficult,Adjective
97,JLPT3,送る,おくる,okuru,send,Verb
98,JLPT4,死ぬ,しぬ,shine,die,Verb
99,JLPT4,乗る,のる,noru,"ride, take",Verb
100,JLPT4,安い,やすい,yasui,"inexpensive, cheap",Adjective
101,JLPT4,書く,かく,kaku,write,Verb
102,JLPT4,話す,はなす,hanasu,"speak, tell",Verb
103,JLPT4,頭,あたま,otama,head,Noun
104,JLPT4,体,からだ,karada,"body, health",Noun
105,JLPT4,ここ,ここ,koko,here,Pronoun
106,JLPT4,待つ,まつ,matsu,"wait, wait for",Verb
107,JLPT4,低い,ひくい,hikui,"low, short",Adjective
108,JLPT3,もらう,もらう,morau,receive,Verb
109,JLPT4,食べる,たべる,taberu,eat,Verb
110,JLPT4,早い,はやい,hayai,early,Adjective
111,JLPT4,兄,あに,oni,older brother,Noun
112,JLPT4,名前,なまえ,namae,name,Noun
113,JLPT2,夫,おっと,otto,husband,Noun
114,JLPT4,一,いち,ichi,one,Noun
115,JLPT4,結婚,けっこん,kekkon,marriage,Verbal Noun
116,JLPT2,親,おや,oya,parent,Noun
117,JLPT4,古い,ふるい,furui,old,Adjective
118,JLPT3,美しい,うつくしい,utsukushii,beautiful,Adjective
119,JLPT4,足,あし,oshi,"leg, foot",Noun
120,JLPT4,次,つぎ,tsgi,next,Noun
121,JLPT0,起こす,おこす,okosu,wake up,Verb
122,JLPT4,見せる,みせる,miseru,show,Verb
123,JLPT3,娘,むすめ,musume,"daughter, girl",Noun
124,JLPT4,とても,とても,totemo,very,Adverb
125,JLPT4,少し,すこし,sukoshi,"a bit, a little while",Adverb
126,JLPT4,質問,しつもん,shitsumon,question,Verbal Noun
127,JLPT0,楽しむ,たのしむ,tanoshimu,enjoy,Verb
128,JLPT4,色,いろ,iro,color,Noun
129,JLPT4,みんな,みんな,minna,"all, everybody",Noun
130,JLPT4,取る,とる,toru,"take, get",Verb
131,JLPT4,勉強,べんきょう,benkyou,study,Verbal Noun
132,JLPT0,出来る,できる,dekiru,"can do, be good at",Verb
133,JLPT4,短い,みじかい,mijikai,"short, brief",Adjective
134,JLPT0,落ちる,おちる,ochiru,"fall, sink",Verb
135,JLPT3,息子,むすこ,musuko,son,Noun
136,JLPT4,白い,しろい,shiroi,"white, blank",Adjective
137,JLPT2,誰,だれ,dare,"who, whom",Noun
138,JLPT4,いつも,いつも,itsumo,always,Adverb
139,JLPT4,飛行機,ひこうき,hikouki,airplane,Noun
140,JLPT3,勝つ,かつ,katsu,win,Verb
141,JLPT4,病気,びょうき,byouki,illness,Verbal Noun
142,JLPT4,冬,ふゆ,fume,winter,Noun
143,JLPT3,年,とし,toshi,"year, age",Noun
144,JLPT4,重い,おもい,omoi,heavy,Adjective
145,JLPT2,胸,むね,mune,chest,Noun
146,JLPT4,読む,よむ,yomu,read,Verb
147,JLPT3,払う,はらう,harau,pay,Verb
148,JLPT4,軽い,かるい,karui,"light, light weight",Adjective
149,JLPT3,見つける,みつける,mitsukeru,find,Verb
150,JLPT4,いつ,いつ,itsu,when,Noun
151,JLPT4,友達,ともだち,tomodachi,"friend, companion",Noun
152,JLPT4,忘れる,わすれる,wasureru,"forget, leave behind",Verb
153,JLPT2,酒,さけ,sake,"alcoholic drink, Japanese rice wine",Noun
154,JLPT4,どちら,どちら,dochira,which,Noun
155,JLPT4,姉,あね,one,older sister,Noun
156,JLPT4,覚える,おぼえる,oboeru,"memorize, learn",Verb
157,JLPT4,狭い,せまい,semai,"narrow, restricted",Adjective
158,JLPT4,好き,すき,suki,"favorite, liked",Adjectival Noun
159,JLPT3,建てる,たてる,tateru,"build, erect",Verb
160,JLPT4,どれ,どれ,dore,"what, which",Noun
161,JLPT4,赤い,あかい,okai,red,Adjective
162,JLPT4,今日,きょう,kyou,today,Noun
163,JLPT4,着る,きる,kiru,"wear, put on",Verb
164,JLPT3,笑う,わらう,orau,"laugh, smile",Verb
165,JLPT0,一番,いちばん,ichiban,most,Adverb
166,JLPT4,授業,じゅぎょう,jyugyou,"class, lesson",Verbal Noun
167,JLPT2,週,しゅう,shuu,week,Noun
168,JLPT4,漢字,かんじ,kanji,"character, kanji",Noun
169,JLPT4,自転車,じてんしゃ,jitensha,bicycle,Noun
170,JLPT4,電車,でんしゃ,densha,train,Noun
171,JLPT3,探す,さがす,sagasu,"search for, look for",Verb
172,JLPT4,紙,かみ,kami,paper,Noun
173,JLPT4,歌う,うたう,utau,sing,Verb
174,JLPT4,遅い,おそい,osoi,"slow, late",Adjective
175,JLPT3,首,くび,kubi,neck,Noun
176,JLPT4,速い,はやい,hayai,fast,Adjective
177,JLPT0,一緒に,いっしょに,isshoni,"together, at the same time",Adverb
178,JLPT3,日記,にっき,nikki,diary,Noun
179,JLPT4,今月,こんげつ,kongetsu,this month,Noun
180,JLPT4,遊ぶ,あそぶ,asobu,play,Verb
181,JLPT4,遠い,とおい,tooi,"far, distant",Adjective
182,JLPT3,弱い,よわい,yowai,weak,Adjective
183,JLPT4,耳,みみ,mimi,"ear, hearing",Noun
184,JLPT4,座る,すわる,suwaru,"sit, sit down",Verb
185,JLPT4,右,みぎ,migi,right,Noun
186,JLPT2,浴びる,あびる,abiru,take (a shower),Verb
187,JLPT2,肩,かた,kata,shoulder,Noun
188,JLPT4,飲む,のむ,nomu,drink,Verb
189,JLPT4,寝る,ねる,neru,"sleep, go to sleep",Verb
190,JLPT4,消す,けす,kesu,"switch off, turn off",Verb
191,JLPT4,元気,げんき,genki,"healthy, energetic",Adjective
192,JLPT3,負ける,まける,makeru,lose,Verb
193,JLPT4,全部,ぜんぶ,zenbu,"all, wholly",Adverb
194,JLPT4,去年,きょねん,kyonen,last year,Noun
195,JLPT4,引く,ひく,hiku,"draw, pull",Verb
196,JLPT4,図書館,としょかん,toshoukan,library,Noun
197,JLPT4,上げる,あげる,ageru,"raise, improve",Verb
198,JLPT3,緑,みどり,modori,"green, foliage",Noun
199,JLPT3,腕,うで,ude,arm,Noun
200,JLPT4,ドア,ドア,doa,door,Noun
201,JLPT2,閉じる,とじる,dojiru,close,Verb
202,JLPT2,時,とき,toko,time,Noun
203,JLPT3,米,こめ,kome,rice (grain),Noun
204,JLPT4,切る,きる,kiru,cut,Verb
205,JLPT3,線,せん,sen,line,Noun
206,JLPT0,決まる,きまる,kimaru,be decided,Verb
207,JLPT4,楽しい,たのしい,tanoshi,"fun, enjoyable",Adjective
208,JLPT4,服,ふく,fuku,clothes,Noun
209,JLPT0,後ろ,うしろ,ushiro,"back, behind",Noun
210,JLPT2,嬉しい,うれしい,ureshi,"happy, glad",Adjective
211,JLPT2,腰,こし,koshi,"hip, lower back",Noun
212,JLPT4,日曜日,にちようび,nichiyoubi,Sunday,Noun
213,JLPT4,開ける,あける,akeru,"open, unlock",Verb
214,JLPT4,昼,ひる,hiru,"daytime, midday",Noun
215,JLPT4,お母さん,おかあさん,okaasan,mother,Noun
216,JLPT4,留学生,りゅうがくせい,ryuugakusei,student studying abroad,Noun
217,JLPT3,大学生,だいがくせい,daigakusei,university student,Noun
218,JLPT3,終わり,おわり,owari,"end, conclusion",Noun
219,JLPT2,背,せ,se,"height, stature",Noun
220,JLPT3,手伝う,てつだう,tetsudau,"help, assist",Verb
221,JLPT4,鼻,はな,hana,nose,Noun
222,JLPT4,起きる,おきる,okiru,occur,Verb
223,JLPT4,熱い,あつい,atsui,"hot (things, touch)",Adjective
224,JLPT2,載せる,のせる,noseru,"place, put on",Verb
225,JLPT3,悲しい,かなしい,kanashii,sad,Adjective
226,JLPT2,愛する,あいする,aisuru,"love, care for",Verb
227,JLPT2,しゃべる,しゃべる,shaberu,"chat, talk",Verb
228,JLPT4,近く,ちかく,chikaku,"vicinity, nearby",Noun
229,JLPT4,甘い,あまい,amai,sweet,Adjective
230,JLPT4,テーブル,テーブル,teeburu,table,Noun
231,JLPT4,食べ物,たべもの,tabemono,food,Noun
232,JLPT4,始まる,はじまる,hajimaru,begin,Verb
233,JLPT2,ゲーム,ゲーム,geemu,game,Noun
234,JLPT4,十,じゅう,juu,ten,Noun
235,JLPT4,天気,てんき,tenki,weather,Noun
236,JLPT4,暑い,あつい,atsui,"hot, warm (temperature of the air)",Adjective
237,JLPT4,太い,ふとい,futoi,"thick, fat",Adjective
238,JLPT4,晩,ばん,ban,evening (usually from sunset to bedtime),Noun
239,JLPT4,土曜日,どようび,doyoubi,Saturday,Noun
240,JLPT2,神,かみ,kami,"god, spirit",Noun
241,JLPT4,痛い,いたい,itai,painful,Adjective
242,JLPT4,お父さん,おとうさん,otousan,father,Noun
243,JLPT2,多分,たぶん,tabun,"probably, perhaps",Adverb
244,JLPT4,時計,とけい,tokei,"clock, watch",Noun
245,JLPT3,泊まる,とまる,tomaru,stay overnight,Verb
246,JLPT4,どうして,どうして,doushite,why,Adverb
247,JLPT2,掛ける,かける,kakeru,"hang, put on",Verb
248,JLPT0,曲がる,まがる,magaru,turn,Verb
249,JLPT4,おなか,おなか,onaka,stomach,Noun
250,JLPT0,ミーティング,ミーティング,miitingu,meeting,Noun
251,JLPT4,閉める,しめる,shimeru,"shut, close",Verb
252,JLPT4,嫌い,きらい,kirai,dislike,Adjective
253,JLPT4,金曜日,きんようび,kinyoubi,Friday,Noun
254,JLPT4,要る,いる,iru,"need, require",Verb
255,JLPT2,無い,ない,nai,to not be,Adjective
256,JLPT4,黄色い,きいろい,kiiroi,yellow,Adjective
257,JLPT2,風邪,かぜ,kaze,cold (illness),Noun
258,JLPT3,優しい,やさしい,yasashi,"gentle, kind",Adjective
259,JLPT4,晴れる,はれる,hareru,"be sunny, clear up",Verb
260,JLPT4,大好き,だいすき,daisuki,love,Adjective
261,JLPT4,茶色,ちゃいろ,syairo,light brown,Noun
262,JLPT4,汚い,きたない,kitanai,dirty,Adjective
263,JLPT2,空く,すく,suku,be empty,Verb
264,JLPT2,上る,のぼる,noboru,go up,Verb
265,JLPT0,ご飯,ごはん,gohan,"cooked rice, meal",Noun
266,JLPT2,日,にち,nichi,day,Noun
267,JLPT2,髪の毛,かみのけ,kaminoke,hair,Noun
268,JLPT4,つける,つける,tsukeru,switch on,Verb
269,JLPT4,月曜日,げつようび,getsuyoubi,Monday,Noun
270,JLPT4,入る,はいる,hairu,enter,Verb
271,JLPT4,片仮名,かたかな,katakana,katakana,Noun
272,JLPT4,今週,こんしゅう,konshuu,this week,Noun
273,JLPT3,開く,ひらく,hiraku,open,Verb
274,JLPT4,水,みず,mizu,water,Noun
275,JLPT4,あれ,あれ,ore,that over there,Noun
276,JLPT4,二,に,ni,two,Noun
277,JLPT4,閉まる,しまる,shimaru,"be shut, be closed",Verb
278,JLPT4,締める,しめる,shimeru,"tighten, fasten",Verb
279,JLPT4,まずい,まずい,mazui,"bad-tasting, bad",Adjective
280,JLPT4,平仮名,ひらがな,hiragana,hiragana,Noun
281,JLPT4,曇る,くもる,kumoru,become cloudy,Verb
282,JLPT3,触る,さわる,chiwaru,"touch, feel",Verb
283,JLPT2,駄目,だめ,dame,no good,Adjectival Noun
284,JLPT0,書き直す,かきなおす,kakinaosu,rewrite,Verb
285,JLPT4,飲み物,のみもの,nomimono,"beverage, drink",Noun
286,JLPT4,木曜日,もくようび,mokuyoubi,Thursday,Noun
287,JLPT2,曜日,ようび,yougi,day of the week,Noun
288,JLPT4,そば,そば,sopa,"side, vicinity",Noun
289,JLPT3,こっち,こっち,kocchi,here,Pronoun
290,JLPT4,火曜日,かようび,kayoubi,Tuesday,Noun
291,JLPT2,渇く,かわく,kawaku,be thirsty,Verb
292,JLPT4,三,さん,san,three,Noun
293,JLPT4,水曜日,すいようび,suiyoubi,Wednesday,Noun
294,JLPT4,二つ,ふたつ,futatsu,two (things),Noun
295,JLPT4,今晩,こんばん,konpan,"this evening, tonight",Noun
296,JLPT4,千,せん,sen,thousand,Noun
297,JLPT4,六つ,むっつ,muttsu,six (things),Noun
298,JLPT4,六日,むいか,muika,"six days, 6th of the month",Noun
299,JLPT4,お姉さん,おねえさん,oneesan,older sister,Noun
300,JLPT3,直る,なおる,naoru,"be repaired, return to normal",Verb
301,JLPT4,易しい,やさしい,yachishii,"easy, simple",Adjective
302,JLPT4,辺,へん,hen,"vicinity, part",Noun
303,JLPT0,よう,よう,you,"way, like, kind",Noun
304,JLPT4,お兄さん,おにいさん,oniisan,older brother,Noun
305,JLPT4,辛い,からい,karai,"spicy, salty",Adjective
306,JLPT4,八,はち,hachi,eight,Noun
307,JLPT4,三日,みっか,mikka,"three days, 3rd of the month",Noun
308,JLPT4,あそこ,あそこ,asoko,over there,Pronoun
309,JLPT4,来る,くる,kuru,come,Verb
310,JLPT4,前,まえ,mae,"front, before",Noun
311,JLPT4,五日,いつか,itsuka,"five days, 5th of the month",Noun
312,JLPT0,一杯,いっぱい,ippai,full,Adverb
313,JLPT4,九,きゅう,kyuu,nine,Noun
314,JLPT0,酸っぱい,すっぱい,subbai,sour,Adjective
315,JLPT4,違う,ちがう,chigau,"differ, be wrong",Verb
316,JLPT4,細い,ほそい,hosoi,"thin, slender, narrow",Adjective
317,JLPT4,三つ,みっつ,mittsu,three (things),Noun
318,JLPT4,八日,ようか,youka,"eight days, 8th of the month",Noun
319,JLPT3,高校生,こうこうせい,koukousei,high school student,Noun
320,JLPT4,上手,じょうず,jouzu,"good, skilled",Adjectival Noun
321,JLPT4,強い,つよい,tsuyoi,strong,Adjective
322,JLPT2,七,なな,nana,seven,Noun
323,JLPT4,二十日,はつか,hatsuka,"20 days, 20th of the month",Noun
324,JLPT4,左,ひだり,hidari,left,Noun
325,JLPT4,二日,ふつか,futsuk,"two days, 2nd of the month",Noun
326,JLPT4,四つ,よっつ,yottsu,four (things),Noun
327,JLPT4,暖かい,あたたかい,atatakai,warm,Adjective
328,JLPT2,有る,ある,aru,"exist, possess",Verb
329,JLPT0,良い,いい,ii,good,Adjective
330,JLPT4,五つ,いつつ,itsutsu,five (things),Noun
331,JLPT4,妹,いもうと,imouto,younger sister,Noun
332,JLPT4,上,うえ,ue,"up, above",Noun
333,JLPT3,動く,うごく,ugoku,move,Verb
334,JLPT4,駅,えき,eki,railway station,Noun
335,JLPT4,おいしい,おいしい,oishii,tasty,Adjective
336,JLPT4,大きい,おおきい,ookii,big,Adjective
337,JLPT4,弟,おとうと,otouto,younger brother,Noun
338,JLPT4,男,おとこ,otoko,"man, male",Noun
339,JLPT4,大人,おとな,otona,adult,Noun
340,JLPT0,お願い,おねがい,onegai,favor,Verbal Noun
341,JLPT4,女,おんな,onna,"woman, girl",Noun
342,JLPT2,金,かね,kane,money,Noun
343,JLPT3,彼,かれ,kare,"he, one's boyfriend",Noun
344,JLPT4,昨日,きのう,kinou,yesterday,Noun
345,JLPT0,奇麗,きれい,kirei,beautiful,Adjectival Noun
346,JLPT4,口,くち,kuchi,mouth,Noun
347,JLPT4,五,ご,go,five,Noun
348,JLPT4,九日,ここのか,kokonoka,"nine days, 9th of the month",Noun
349,JLPT4,九つ,ここのつ,kokonotsu,nine (things),Noun
350,JLPT4,答える,こたえる,kotaeru,"answer, reply",Verb
351,JLPT4,先,さき,saki,"ahead, first",Noun
352,JLPT4,寒い,さむい,samui,cold (temperature of the air),Adjective
353,JLPT4,四,し,shi,four,Noun
354,JLPT4,下,した,shita,"under, below",Noun
355,JLPT4,大丈夫,だいじょうぶ,daijyoubu,"alright, OK",Adjectival Noun
356,JLPT4,出す,だす,dasu,take out,Verb
357,JLPT4,小さい,ちいさい,chiisai,small,Adjective
358,JLPT4,父,ちち,chichi,(speaker's)father,Noun
359,JLPT4,一日,ついたち,tsuitachi,1st of the month,Noun
360,JLPT2,月,つき,tsuki,moon,Noun
361,JLPT3,妻,つま,tsuma,wife,Noun
362,JLPT4,冷たい,つめたい,tsumetai,"cold (things, touch)",Adjective
363,JLPT4,手,て,te,hand,Noun
364,JLPT4,十日,とおか,tooka,"ten days, 10th of the month",Noun
365,JLPT4,時々,ときどき,tokidoki,sometimes,Adverb
366,JLPT4,夏,なつ,natsu,summer,Noun
367,JLPT4,七つ,ななつ,nanatsu,seven (things),Noun
368,JLPT4,何,なに,nani,"what, which",Noun
369,JLPT4,七日,なのか,nanoka,"seven days, 7th of the month",Noun
370,JLPT4,母,はは,haha,(speaker's)mother,Noun
371,JLPT4,人,ひと,hitori,person,Noun
372,JLPT4,一人,ひとり,hitori,"one, one person",Noun
373,JLPT4,百,ひゃく,hyaku,hundred,Noun
374,JLPT2,方,ほう,hou,"direction, side",Noun
375,JLPT2,他,ほか,hoka,other,Noun
376,JLPT3,僕,ぼく,boku,I (young male),Noun
377,JLPT4,欲しい,ほしい,boshi,"want, desire",Adjective
378,JLPT4,万,まん,man,ten thousand,Noun
379,JLPT3,見える,みえる,mieru,be visible,Verb
380,JLPT4,店,みせ,mise,"shop, store",Noun
381,JLPT4,道,みち,michi,"road, street",Noun
382,JLPT4,目,め,me,eye,Noun
383,JLPT4,八つ,やっつ,yattsu,eight (things),Noun
384,JLPT2,止める,やめる,yameru,"stop, give up, abolish",Verb
385,JLPT4,四日,よっか,yokka,"four days, 4th of the month",Noun
386,JLPT4,夜,よる,yoru,night (from sunset to sunrise),Noun
387,JLPT2,四,よん,yon,four,Noun
388,JLPT4,来年,らいねん,rainen,next year,Noun
389,JLPT4,六,ろく,roku,six,Noun
390,JLPT4,悪い,わるい,warui,bad,Adjective
391,JLPT4,お手洗い,おてあらい,otearai,"toilet, bathroom",Noun
392,JLPT0,ご主人,ごしゅじん,goshujin,(your) husband,Noun
393,JLPT0,本当に,ほんとうに,honyouni,"really, truly",Adverb
394,JLPT4,自分,じぶん,jibun,"self, oneself",Noun
395,JLPT4,なる,なる,naru,become,Verb
396,JLPT3,ため,ため,tame,"sake, purpose",Noun
397,JLPT2,円,えん,en,yen,Noun
398,JLPT3,場合,ばあい,baai,"situation, case",Noun
399,JLPT4,休む,やすむ,yasumu,"take a day off, take a break",Verb
400,JLPT3,見つかる,みつかる,mitsukaru,"be found, be caught",Verb
401,JLPT4,問題,もんだい,mondai,"problem, question",Noun
402,JLPT1,開発,かいはつ,kaihatsu,development,Verbal Noun
403,JLPT2,事件,じけん,jiken,"affair, case",Noun
404,JLPT3,必要,ひつよう,hitsuyou,"need, necessity",Adjectival Noun
405,JLPT2,企業,きぎょう,kigyou,"corporation, business",Noun
406,JLPT3,行う,おこなう,okonau,"do, carry out",Verb
407,JLPT2,現在,げんざい,genzai,"the present, present time",Noun
408,JLPT3,利用,りよう,riyou,"utilization, usage",Verbal Noun
409,JLPT2,首相,しゅしょう,shushou,prime minister,Noun
410,JLPT4,持つ,もつ,motsu,"maintain, last long",Verb
411,JLPT2,政府,せいふ,seifu,"government, administration",Noun
412,JLPT2,発表,はっぴょう,habbyou,announcement,Verbal Noun
413,JLPT4,開く,あく,aku,open,Verb
414,JLPT3,受ける,うける,ukeru,"receive, accept",Verb
415,JLPT2,より,より,yori,"more, further",Adverb
416,JLPT0,昨年,さくねん,sakunen,last year,Noun
417,JLPT2,情報,じょうほう,jyouhou,information,Noun
418,JLPT2,示す,しめす,shimesu,"show, indicate",Verb
419,JLPT2,建設,けんせつ,kensetsu,"construction, building",Verbal Noun
420,JLPT2,販売,はんばい,hanbai,"sale, selling",Verbal Noun
421,JLPT3,治る,なおる,naoru,"be cured, get well",Verb
422,JLPT2,機能,きのう,kinou,"function, feature",Verbal Noun
423,JLPT3,研究,けんきゅう,kenkyuu,"research, study",Verbal Noun
424,JLPT2,一方,いっぽう,ibbou,one way,Noun
425,JLPT0,ドル,ドル,doru,dollar,Noun
426,JLPT1,システム,システム,shisutemu,system,Noun
427,JLPT2,頃,ころ,koro,time,Noun
428,JLPT2,対する,たいする,taisuru,"face, be in response to",Verb
429,JLPT2,方法,ほうほう,houhou,"method, procedure",Noun
430,JLPT3,以上,いじょう,ijyou,"not less than, more than",Noun
431,JLPT3,最近,さいきん,saikin,"late, recent",Noun
432,JLPT2,今後,こんご,kongo,"after this, in the future",Noun
433,JLPT3,世界,せかい,sekai,world,Noun
434,JLPT2,用いる,もちいる,mochiru,"use, make use of",Verb
435,JLPT2,語る,かたる,kataru,"tell, talk",Verb
436,JLPT2,コンピューター,コンピューター,konpuutaa,computer,Noun
437,JLPT2,中心,ちゅうしん,chuushin,"center, middle",Noun
438,JLPT4,やる,やる,yaru,give (to an inferior),Verb
439,JLPT4,意味,いみ,imi,"meaning, significance",Noun
440,JLPT3,計画,けいかく,keikaku,"plan, project",Verbal Noun
441,JLPT2,影響,えいきょう,eikyou,"influence, effect",Verbal Noun
442,JLPT3,増える,ふえる,fueru,"increase, accrue",Verb
443,JLPT3,選ぶ,えらぶ,erabu,"choose, elect",Verb
444,JLPT3,経済,けいざい,keizai,"economy, economics",Noun
445,JLPT1,導入,どうにゅう,dounyuu,introduction,Verbal Noun
446,JLPT3,生活,せいかつ,seikatsu,"life, living",Verbal Noun
447,JLPT2,進める,すすめる,susumeru,"advance, promote",Verb
448,JLPT3,関係,かんけい,kankei,"relation, relationship",Verbal Noun
449,JLPT3,続ける,つづける,tszukeru,"continue, keep up",Verb
450,JLPT0,ロボット,ロボット,robotto,robot,Noun
451,JLPT3,ほとんど,ほとんど,hotondo,"almost, hardly",Adverb
452,JLPT0,国内,こくない,kokunai,"domestic, internal",Noun
453,JLPT2,分野,ぶんや,bunya,"field, sphere",Noun
454,JLPT4,会社,かいしゃ,kaisha,"company, corporation",Noun
455,JLPT2,関する,かんする,kansuru,"concern, relate to",Verb
456,JLPT2,状態,じょうたい,joutai,"state, appearance",Noun
457,JLPT2,大統領,だいとうりょう,daitouryou,president (of a country),Noun
458,JLPT2,対象,たいしょう,taishou,"target, object",Noun
459,JLPT2,処理,しょり,shori,"management, process",Verbal Noun
460,JLPT3,女性,じょせい,jyosei,"woman, female",Noun
461,JLPT4,家,いえ,ie,"house, home",Noun
462,JLPT0,パソコン,パソコン,pasokon,personal computer,Noun
463,JLPT2,解決,かいけつ,kaiketsu,"solution, settlement",Verbal Noun
464,JLPT2,実現,じつげん,jitsugen,"implementation, realization",Verbal Noun
465,JLPT0,多く,おおく,ooku,"much, largely",Adverb
466,JLPT1,動き,うごき,ugoki,"movement, motion",Noun
467,JLPT4,話,はなし,hanashi,"talk, story",Noun
468,JLPT2,価格,かかく,kakaku,"price, cost",Noun
469,JLPT0,上がる,あがる,ogaru,"go up, rise",Verb
470,JLPT4,もう,もう,mou,"another, again",Adverb
471,JLPT3,集める,あつめる,artsumeru,"collect, gather",Verb
472,JLPT4,声,こえ,koe,"voice, sound",Noun
473,JLPT4,初めて,はじめて,hajimete,for the first time,Adverb
474,JLPT2,明らか,あきらか,okiraka,"clear, obvious",Adjective
475,JLPT0,一部,いちぶ,ichibu,part,Noun
476,JLPT2,調査,ちょうさ,chouusa,"investigation, inquiry",Verbal Noun
477,JLPT2,党,とう,tou,political party,Noun
478,JLPT3,変わる,かわる,kaoru,change,Verb
479,JLPT3,社長,しゃちょう,shachou,president (of a company),Noun
480,JLPT2,全国,ぜんこく,zenkoku,the whole country,Noun
481,JLPT2,地域,ちいき,chiki,"region, area",Noun
482,JLPT2,重要,じゅうよう,juuyou,"important, essential",Adjectival Noun
483,JLPT2,姿,すがた,sugata,"figure, appearance",Noun
484,JLPT2,先ず,まず,mazu,first,Adverb
485,JLPT0,昭和,しょうわ,shouwa,Showa era,Noun
486,JLPT3,社会,しゃかい,shakai,society,Noun
487,JLPT2,プログラム,プログラム,poroguramu,program,Noun
488,JLPT2,期待,きたい,kitai,"expectation, anticipation",Verbal Noun
489,JLPT3,力,ちから,chikara,"strength, power",Noun
490,JLPT2,除く,のぞく,nozoku,"rid of, exclude",Verb
491,JLPT2,一般,いっぱん,ibban,"general, common",Noun
492,JLPT2,今回,こんかい,konkai,this time,Noun
493,JLPT2,普及,ふきゅう,fukiyuu,"diffusion, spread",Verbal Noun
494,JLPT2,表現,ひょうげん,hyougen,expression,Verbal Noun
495,JLPT2,作業,さぎょう,sagyou,"work, operation",Verbal Noun
496,JLPT3,予定,よてい,yotei,"schedule, plan",Verbal Noun
497,JLPT3,工場,こうじょう,koujyou,"factory, plant",Noun
498,JLPT4,よく,よく,yoku,well,Adverb
499,JLPT2,生産,せいさん,seisan,production,Verbal Noun
500,JLPT1,政権,せいけん,seiken,political power,Noun
501,JLPT3,技術,ぎじゅつ,gijutsu,"skill, technology",Noun
502,JLPT0,まま,まま,mama,"as is, still (in the current state)",Noun
503,JLPT2,完成,かんせい,kansei,"completion, finish",Verbal Noun
504,JLPT2,変化,へんか,henka,change,Verbal Noun
505,JLPT2,存在,そんざい,sonzai,"existence, being",Verbal Noun
506,JLPT2,参加,さんか,sanka,participation,Verbal Noun
507,JLPT4,テレビ,テレビ,terebi,television,Noun
508,JLPT2,土地,とち,tochi,land,Noun
509,JLPT2,減る,へる,heru,"decrease, diminish",Verb
510,JLPT2,検討,けんとう,kentou,"consideration, inspection",Verbal Noun
511,JLPT3,政治,せいじ,seiji,politics,Noun
512,JLPT2,実施,じっし,sisshi,"enforcement, implementation",Verbal Noun
513,JLPT2,開始,かいし,kaishi,beginning,Verbal Noun
514,JLPT2,備える,そなえる,sonaeru,"provide for, furnish",Verb
515,JLPT2,輸入,ゆにゅう,yunuu,import,Verbal Noun
516,JLPT0,最大,さいだい,saidai,"biggest, largest",Noun
517,JLPT3,競争,きょうそう,kyousou,competition,Verbal Noun
518,JLPT2,部分,ぶぶん,fufun,"part, section",Noun
519,JLPT4,消える,きえる,kieru,"be extinguished, disappear",Verb
520,JLPT4,家族,かぞく,kazoku,"family, household",Noun
521,JLPT2,内容,ないよう,naiyou,contents,Noun
522,JLPT3,比べる,くらべる,kuraberu,"compare, contrast",Verb
523,JLPT4,生まれる,うまれる,umareru,"be born, come into existence",Verb
524,JLPT2,与える,あたえる,ataeru,give,Verb
525,JLPT1,選挙,せんきょ,senkyo,election,Verbal Noun
526,JLPT2,対立,たいりつ,tairitsu,"opposition, antagonism",Verbal Noun
527,JLPT3,理由,りゆう,riyuu,"reason, cause",Noun
528,JLPT2,構成,こうせい,kousei,organization,Verbal Noun
529,JLPT2,管理,かんり,kanri,"management, administration",Verbal Noun
530,JLPT2,増加,ぞうか,zouka,"increase, gain",Verbal Noun
531,JLPT1,改革,かいかく,kaikaku,reform,Verbal Noun
532,JLPT1,会談,かいだん,kaidan,"conversation, meeting",Verbal Noun
533,JLPT0,会長,かいちょう,kaichou,"president, chairperson",Noun
534,JLPT1,ソフト,ソフト,sofuto,"software, programme",Noun
535,JLPT1,提供,ていきょう,teikyou,"offer, provide",Verbal Noun
536,JLPT2,ただ,ただ,tada,free,Noun
537,JLPT2,これら,これら,korera,these,Noun
538,JLPT2,広がる,ひろがる,hirogaru,"spread out, reach",Verb
539,JLPT2,特徴,とくちょう,tokuchou,"distinctive feature, characteristic",Noun
540,JLPT3,調べる,しらべる,shiraberu,"investigate, check",Verb
541,JLPT2,強調,きょうちょう,kyouchou,"emphasis, stress",Verbal Noun
542,JLPT2,制度,せいど,seido,"system, organization",Noun
543,JLPT2,方針,ほうしん,houshin,"course, policy",Noun
544,JLPT1,従来,じゅうらい,juurai,"former, old",Noun
545,JLPT2,いずれ,いずれ,izure,"eventually, sometime",Adverb
546,JLPT3,事故,じこ,jiko,"accident, incident",Noun
547,JLPT4,電話,でんわ,denwa,"telephone, phone call",Verbal Noun
548,JLPT4,外国,がいこく,gaikoku,foreign country,Noun
549,JLPT2,目的,もくてき,mokuteki,"object, purpose",Noun
550,JLPT3,自由,じゆう,jiyuu,freedom,Adjectival Noun
551,JLPT1,資金,しきん,shikin,"funds, capital",Noun
552,JLPT4,銀行,ぎんこう,ginkou,bank,Noun
553,JLPT2,事実,じじつ,jijitsu,"fact, truth",Noun
554,JLPT2,決定,けってい,kettei,"decision, settlement",Verbal Noun
555,JLPT2,方向,ほうこう,houkou,"direction, course",Noun
556,JLPT2,住宅,じゅうたく,juutaku,"housing, residence",Noun
557,JLPT2,代表,だいひょう,daihyou,representative,Verbal Noun
558,JLPT2,激しい,はげしい,hageshi,"violent, intense",Adjective
559,JLPT2,株,かぶ,kabu,"stocks, shares",Noun
560,JLPT1,交渉,こうしょう,koushou,"negotiation, bargaining",Verbal Noun
561,JLPT2,結果,けっか,kekka,"result, outcome",Noun
562,JLPT2,全体,ぜんたい,zentai,"whole, total",Noun
563,JLPT2,後,のち,nochi,"after, afterwards",Noun
564,JLPT2,命令,めいれい,meirei,"command, order",Verbal Noun
565,JLPT3,十分,じゅうぶん,juubun,"full, plentiful",Adjectival Noun
566,JLPT4,あまり,あまり,amari,(not) much,Adverb
567,JLPT2,経営,けいえい,keiei,"management, operation",Verbal Noun
568,JLPT3,原因,げんいん,genin,"cause, origin",Noun
569,JLPT4,写真,しゃしん,shashin,photograph,Noun
570,JLPT2,立場,たちば,tachiba,"standpoint, position",Noun
571,JLPT2,対策,たいさく,taisaku,"measure, action",Noun
572,JLPT2,繰り返す,くりかえす,kurikaesu,repeat,Verb
573,JLPT2,評価,ひょうか,hyouka,"evaluation, appraisal",Verbal Noun
574,JLPT2,なお,なお,naoru,"still, in addition",Adverb
575,JLPT2,計算,けいさん,keisan,calculation,Verbal Noun
576,JLPT1,投資,とうし,toushi,investment,Verbal Noun
577,JLPT2,可能,かのう,kanou,"possible, potential",Adjectival Noun
578,JLPT2,加える,くわえる,kuwaeru,"add, include",Verb
579,JLPT2,種類,しゅるい,shurui,"kind, species",Noun
580,JLPT2,強化,きょうか,kyouka,strengthening,Verbal Noun
581,JLPT3,意見,いけん,iken,opinion,Noun
582,JLPT1,伴う,ともなう,tomonau,"accompany, go with",Verb
583,JLPT4,新聞,しんぶん,shinbun,newspaper,Noun
584,JLPT2,文章,ぶんしょう,bunshou,"writing, prose",Noun
585,JLPT2,目立つ,めだつ,medatsu,"stand out, be conspicuous",Verb
586,JLPT2,設計,せっけい,sekkei,"design, plan",Verbal Noun
587,JLPT2,構造,こうぞう,kouzou,"construction, structure",Noun
588,JLPT2,国会,こっかい,kokkai,"National Diet, parliament",Noun
589,JLPT2,ほぼ,ほぼ,hobo,"almost, nearly",Adverb
590,JLPT2,相手,あいて,aite,opponent,Noun
591,JLPT1,発生,はっせい,hassei,"occurrence, happening",Verbal Noun
592,JLPT1,採用,さいよう,saiyou,employment,Verbal Noun
593,JLPT3,残る,のこる,nokoru,"remain, be left over",Verb
594,JLPT2,段階,だんかい,dankai,stage,Noun
595,JLPT2,報告,ほうこく,houkoku,report,Verbal Noun
596,JLPT2,商品,しょうひん,shouhin,"goods, commodities",Noun
597,JLPT2,都市,とし,toshi,"cities, urban community",Noun
598,JLPT4,病院,びょういん,byouin,hospital,Noun
599,JLPT1,規模,きぼ,kibo,"scale, scope",Noun
600,JLPT1,業者,ぎょうしゃ,gyousha,businessman,Noun
601,JLPT3,経験,けいけん,keiken,experience,Verbal Noun
602,JLPT2,能力,のうりょく,nouryoku,"ability, capacity",Noun
603,JLPT3,最初,さいしょ,saisho,"first, outset",Noun
604,JLPT3,国際,こくさい,kokusai,international,Noun
605,JLPT2,議員,ぎいん,giin,legislator,Noun
606,JLPT2,記者,きしゃ,kisha,"journalist, reporter",Noun
607,JLPT2,場所,ばしょ,basho,"place, space",Noun
608,JLPT3,運動,うんどう,undou,"movement, exercise",Verbal Noun
609,JLPT2,サービス,サービス,saabisu,"service, on the house",Verbal Noun
610,JLPT0,集まる,あつまる,atsumaru,"gather, be collected",Verb
611,JLPT1,政策,せいさく,seisaku,"policy, political measures",Noun
612,JLPT4,車,くるま,kuruma,car,Noun
613,JLPT2,拡大,かくだい,kakudai,"magnification, enlargement",Verbal Noun
614,JLPT2,進む,すすむ,susumu,"advance, move forward",Verb
615,JLPT2,達する,たっする,tatsusuru,"attain, reach",Verb
616,JLPT3,会議,かいぎ,kaigi,"conference, meeting",Verbal Noun
617,JLPT2,装置,そうち,souchi,"equipment, device",Noun
618,JLPT2,主張,しゅちょう,shuchou,"insistence, assertion",Verbal Noun
619,JLPT2,記録,きろく,kiroku,"record, documentation",Verbal Noun
620,JLPT2,年度,ねんど,nendo,"year, school year",Noun
621,JLPT2,産業,さんぎょう,sangyou,industry,Noun
622,JLPT1,背景,はいけい,haikei,"background, scenery, setting",Noun
623,JLPT2,材料,ざいりょう,zairyou,"material, factor",Noun
624,JLPT2,要求,ようきゅう,youkuu,"requirement, demand",Verbal Noun
625,JLPT2,市民,しみん,shmin,"citizens, townsmen",Noun
626,JLPT2,世紀,せいき,seiki,century,Noun
627,JLPT1,大幅,おおはば,oohaba,"drastically, substantially",Adverb
628,JLPT1,加工,かこう,kakou,"processing, manufacturing",Verbal Noun
629,JLPT2,実行,じっこう,jikkou,"practice, execution",Verbal Noun
630,JLPT2,判断,はんだん,handan,"judgment, decision",Verbal Noun
631,JLPT2,組織,そしき,soshiki,"organization, constitution, tissue",Verbal Noun
632,JLPT3,輸出,ゆしゅつ,yushutsu,export,Verbal Noun
633,JLPT3,警察,けいさつ,keisatsu,police,Noun
634,JLPT3,伝える,つたえる,tsutaeru,"convey, transmit, hand down",Verb
635,JLPT0,公開,こうかい,koukai,opening (to the public),Verbal Noun
636,JLPT0,向かう,むかう,mukau,"face, confront, head toward",Verb
637,JLPT3,直す,なおす,naosu,"repair, cure, alter",Verb
638,JLPT0,具体的,ぐたいてき,gutaiteki,"concrete, specific",Adjectival Noun
639,JLPT2,願う,ねがう,negau,"wish, ask a favor, apply for",Verb
640,JLPT2,グループ,グループ,guruupu,group,Noun
641,JLPT2,個人,こじん,kojin,individual,Noun
642,JLPT2,基づく,もとづく,motozuku,be based on,Verb
643,JLPT2,全く,まったく,mattaku,"entirely, truly, indeed",Adverb
644,JLPT0,見方,みかた,mikata,"view, way of looking",Noun
645,JLPT2,姿勢,しせい,shisei,"posture, attitude",Noun
646,JLPT2,協力,きょうりょく,kyouryoku,"cooperation, collaboration",Verbal Noun
647,JLPT2,担当,たんとう,tantou,person in charge,Verbal Noun
648,JLPT2,提案,ていあん,teian,"proposition, proposal",Verbal Noun
649,JLPT3,最後,さいご,saigo,"last, final",Noun
650,JLPT2,招く,まねく,maneku,"invite, beckon, engage",Verb
651,JLPT4,ホテル,ホテル,hoteru,hotel,Noun
652,JLPT2,再び,ふたたび,futatabi,"again, a second time",Adverb
653,JLPT1,上昇,じょうしょう,jyoushou,"ascension, rising",Verbal Noun
654,JLPT3,機械,きかい,kikai,machine,Noun
655,JLPT2,注目,ちゅうもく,chuumoku,"attention, notice",Verbal Noun
656,JLPT2,過去,かこ,kakou,the past,Noun
657,JLPT2,作品,さくひん,sakuhin,"work of art, piece",Noun
658,JLPT2,直接,ちょくせつ,chokusetsu,directly,Adverb
659,JLPT2,批判,ひはん,hihan,"criticism, comment",Verbal Noun
660,JLPT3,文化,ぶんか,bunka,culture,Noun
661,JLPT1,施設,しせつ,shisetsu,"facilities, institution",Noun
662,JLPT2,成功,せいこう,seikou,success,Verbal Noun
663,JLPT2,実際,じっさい,jissai,"truth, actual state",Adverb
664,JLPT1,当然,とうぜん,touzen,"natural, as a matter of course",Adjectival Noun
665,JLPT2,年間,ねんかん,nenkan,period of one year,Noun
666,JLPT3,簡単,かんたん,kantan,"simple, easy",Adjectival Noun
667,JLPT2,迫る,せまる,semaru,"press, close in on, be imminent",Verb
668,JLPT0,まとめる,まとめる,matomeru,"gather together, put in order",Verb
669,JLPT2,占める,しめる,shimeru,"occupy, hold",Verb
670,JLPT2,残す,のこす,nokosu,"leave, reserve, leave undone",Verb
671,JLPT2,言語,げんご,gengo,"language, speech",Noun
672,JLPT3,教育,きょういく,kyouiku,education,Verbal Noun
673,JLPT2,他,た,ta,"others, other things",Noun
674,JLPT1,取引,とりひき,torihiki,"transaction, dealings",Verbal Noun
675,JLPT4,自動車,じどうしゃ,jidousha,automobile,Noun
676,JLPT3,反対,はんたい,hantai,"oppose, object",Verbal Noun
677,JLPT0,若者,わかもの,wakamono,"young person, youth",Noun
678,JLPT2,分,ぶん,bun,"amount, part, share",Noun
679,JLPT1,課題,かだい,kadai,"task, problem",Noun
680,JLPT1,通常,つうじょう,tsuujou,"common, ordinary",Noun
681,JLPT2,同様,どうよう,douyou,similar,Adjectival Noun
682,JLPT2,程度,ていど,teido,"degree, extent",Noun
683,JLPT2,当たる,あたる,ataru,"hit, strike",Verb
684,JLPT2,訴える,うったえる,uttaeru,sue,Verb
685,JLPT2,事情,じじょう,jijou,"circumstances, conditions",Noun
686,JLPT1,発言,はつげん,hatsugen,"utterance, speech",Verbal Noun
687,JLPT2,傾向,けいこう,keikou,"tendency, disposition",Noun
688,JLPT1,開催,かいさい,kaisai,"holding (of an event), opening",Verbal Noun
689,JLPT2,文字,もじ,moji,"character, letter",Noun
690,JLPT3,子,こ,ko,"child, kid",Noun
691,JLPT2,述べる,のべる,noberu,"state orally, expound, mention",Verb
692,JLPT2,活動,かつどう,katsudou,activity,Verbal Noun
693,JLPT2,期間,きかん,kikan,"term, period",Noun
694,JLPT2,一定,いってい,ittei,"constant, standard",Verbal Noun
695,JLPT2,住民,じゅうみん,juumin,"residents, dwellers",Noun
696,JLPT2,届く,とどく,todoku,"reach, be received",Verb
697,JLPT3,やはり,やはり,yahari,"as expected, also, still",Adverb
698,JLPT2,効果,こうか,koukai,"effect, result",Noun
699,JLPT2,状況,じょうきょう,jyoukyou,"state of affairs, conditions",Noun
700,JLPT2,確認,かくにん,kakunin,confirmation,Verbal Noun
701,JLPT2,位置,いち,ichi,"position, place",Verbal Noun
702,JLPT3,はっきり,はっきり,hakkri,clearly,Adverb
703,JLPT2,つまり,つまり,tsumari,"in short, basically",Adverb
704,JLPT2,通過,つうか,tsuuka,"passing, passage",Verbal Noun
705,JLPT3,深い,ふかい,fukai,"deep, profound, intimate",Adjective
706,JLPT2,候補,こうほ,kouho,"candidacy, candidate",Noun
707,JLPT2,選手,せんしゅ,senshu,representative athlete,Noun
708,JLPT3,音,おと,oto,"sound, noise",Noun
709,JLPT2,大会,たいかい,taikai,"mass meeting, tournament",Noun
710,JLPT2,基本,きほん,kihon,"basis, foundation",Noun
711,JLPT2,契約,けいやく,keiyaku,"contract, agreement",Verbal Noun
712,JLPT2,発見,はっけん,hakken,"discovery, revelation",Verbal Noun
713,JLPT2,当時,とうじ,touji,"at that time, at the present time",Noun
714,JLPT2,自宅,じたく,jitaku,"one's house, one's home",Noun
715,JLPT3,空気,くうき,kuuki,"air, atmosphere",Noun
716,JLPT1,設ける,もうける,moukeru,"set up, establish",Verb
717,JLPT3,歴史,れきし,rekishi,history,Noun
718,JLPT0,各国,かっこく,kakkoku,every country,Noun
719,JLPT3,特に,とくに,tokuni,"specially, particularly",Adverb
720,JLPT2,実験,じっけん,jikken,experiment,Verbal Noun
721,JLPT1,訪れる,おとずれる,otozureru,"visit, call on",Verb
722,JLPT4,建物,たてもの,tatemono,"building, structure",Noun
723,JLPT3,ビル,ビル,biru,building,Noun
724,JLPT3,彼ら,かれら,karera,they,Noun
725,JLPT2,少年,しょうねん,shounen,boy,Noun
726,JLPT0,諸国,しょこく,shokoku,various countries,Noun
727,JLPT4,もちろん,もちろん,mochiron,"of course, no doubt",Adverb
728,JLPT3,事務所,じむしょ,jimusho,"office, one's place of business",Noun
729,JLPT2,責任,せきにん,sekinin,"responsibility, liability",Noun
730,JLPT1,かつて,かつて,katsute,"once, formerly",Adverb
731,JLPT2,限る,かぎる,kagiru,be limited to,Verb
732,JLPT2,海外,かいがい,kaigai,"overseas, abroad",Noun
733,JLPT2,条件,じょうけん,jouken,"condition, item",Noun
734,JLPT2,家庭,かてい,katei,"home, family",Noun
735,JLPT2,教授,きょうじゅ,kyouju,professor,Noun
736,JLPT3,人口,じんこう,jinkou,population,Noun
737,JLPT4,海,うみ,umi,"sea, ocean",Noun
738,JLPT2,基準,きじゅん,kijun,"standard, criterion",Noun
739,JLPT2,攻撃,こうげき,kougeki,"attack, criticism",Verbal Noun
740,JLPT3,時代,じだい,jidai,"age, antiquity",Noun
741,JLPT2,時期,じき,jiki,"time, season",Noun
742,JLPT2,製造,せいぞう,seizou,"production, manufacture",Verbal Noun
743,JLPT0,大型,おおがた,oogata,"large, large scale",Noun
744,JLPT2,周辺,しゅうへん,shuuhen,"environs, circumference",Noun
745,JLPT2,異なる,ことなる,kotonaru,differ,Verb
746,JLPT2,逮捕,たいほ,taiho,"arrest, capture",Verbal Noun
747,JLPT2,関連,かんれん,kanren,"connection, relation",Verbal Noun
748,JLPT3,貿易,ぼうえき,boueki,"trade, commerce",Verbal Noun
749,JLPT0,社員,しゃいん,shain,"staff member, employee",Noun
750,JLPT1,結合,けつごう,ketsugou,"combination, joining",Verbal Noun
751,JLPT2,自然,しぜん,shizen,nature,Noun
752,JLPT4,スポーツ,スポーツ,supootsu,sport,Noun
753,JLPT2,患者,かんじゃ,kanjya,patient,Noun
754,JLPT3,なぜ,なぜ,naze,"why, for what reason",Adverb
755,JLPT4,映画,えいが,eiga,movie,Noun
756,JLPT4,並ぶ,ならぶ,narabu,"line up, be parallel",Verb
757,JLPT4,生徒,せいと,seito,"pupil, student",Noun
758,JLPT2,そのまま,そのまま,sonomama,"like that, unchanged",Adverb
759,JLPT3,今度,こんど,kondo,"this time, next time",Noun
760,JLPT2,分ける,わける,okeru,"divide into parts, sort, share",Verb
761,JLPT3,運ぶ,はこぶ,hakobu,"carry, transport",Verb
762,JLPT3,複雑,ふくざつ,fukuzatsu,"complicated, intricate",Adjectival Noun
763,JLPT3,回る,まわる,mawaru,"turn round, go round, detour",Verb
764,JLPT3,高校,こうこう,koukou,high school,Noun
765,JLPT2,工事,こうじ,kouji,construction,Verbal Noun
766,JLPT4,毎日,まいにち,mainichi,every day,Noun
767,JLPT0,帰国,きこく,kikoku,return to one's country,Verbal Noun
768,JLPT4,雨,あめ,ame,rain,Noun
769,JLPT2,経つ,たつ,tatsusuru,"pass, elapse",Verb
770,JLPT4,花,はな,hana,flower,Noun
771,JLPT3,出席,しゅっせき,shusseki,"attendance, presence",Verbal Noun
772,JLPT4,外国人,がいこくじん,gaikokujin,foreigner,Noun
773,JLPT2,道路,どうろ,douro,"road, street",Noun
774,JLPT2,地球,ちきゅう,chikyuu,the Earth,Noun
775,JLPT4,英語,えいご,eigo,English,Noun
776,JLPT3,危険,きけん,kiken,"danger, dangerous",Adjectival Noun
777,JLPT3,普通,ふつう,futsuu,"normal, regular",Adjectival Noun
778,JLPT3,説明,せつめい,setsumei,"explanation, description",Verbal Noun
779,JLPT4,半分,はんぶん,hanbun,half,Noun
780,JLPT3,注意,ちゅうい,chuui,"attention, care, watch out",Verbal Noun
781,JLPT3,安全,あんぜん,anzen,"safety, security",Adjectival Noun
782,JLPT4,手紙,てがみ,tegami,letter,Noun
783,JLPT2,努力,どりょく,doryoku,"endeavor, effort",Verbal Noun
784,JLPT2,手術,しゅじゅつ,shujutsu,surgical operation,Verbal Noun
785,JLPT3,準備,じゅんび,junbi,"provide for, prepare for",Verbal Noun
786,JLPT2,守る,まもる,mamoru,"protect, observe",Verb
787,JLPT3,驚く,おどろく,odoroku,"be surprised, be startled",Verb
788,JLPT3,地震,じしん,jishin,earthquake,Noun
789,JLPT2,話し合う,はなしあう,hanashiau,"discuss, talk over",Verb
790,JLPT4,木,き,ki,"tree, wood",Noun
791,JLPT2,許す,ゆるす,yurusu,"permit, license, forgive",Verb
792,JLPT4,雪,ゆき,yuki,"snow, snowfall",Noun
793,JLPT4,動物,どうぶつ,doubutsu,animal,Noun
794,JLPT3,合う,あう,au,fit,Verb
795,JLPT2,平和,へいわ,heiwa,"peace, harmony",Adjectival Noun
796,JLPT3,非常に,ひじょうに,hijuuni,"very, extremely",Adverb
797,JLPT3,遅れる,おくれる,okureru,be late,Verb
798,JLPT3,もし,もし,moshi,"if, in case of",Adverb
799,JLPT3,卒業,そつぎょう,sotsukyou,graduation,Verbal Noun
800,JLPT3,移る,うつる,utsuru,"move, shift",Verb
801,JLPT2,農業,のうぎょう,noukyou,agriculture,Noun
802,JLPT3,空港,くうこう,kuukou,airport,Noun
803,JLPT3,珍しい,めずらしい,mezurashi,"rare, precious",Adjective
804,JLPT3,急ぐ,いそぐ,isogu,"hurry, hasten",Verb
805,JLPT3,つもり,つもり,tsumori,"intention, purpose",Noun
806,JLPT3,必ず,かならず,kanarazu,"without fail, certainly",Adverb
807,JLPT2,数字,すうじ,suuji,"figure, numeral",Noun
808,JLPT3,やっと,やっと,tatto,"at last, finally",Adverb
809,JLPT4,旅行,りょこう,ryokou,"travel, trip",Verbal Noun
810,JLPT4,音楽,おんがく,ongaku,music,Noun
811,JLPT4,川,かわ,kawa,"river, stream",Noun
812,JLPT3,例えば,たとえば,tatoeba,for example,Adverb
813,JLPT3,小学校,しょうがっこう,shougakkou,elementary school,Noun
814,JLPT3,壁,かべ,kabe,"wall, partition",Noun
815,JLPT2,流れる,ながれる,nagareru,"flow, pass, drift away",Verb
816,JLPT3,夢,ゆめ,yume,dream,Noun
817,JLPT3,逃げる,にげる,nigeru,"escape, run away",Verb
818,JLPT3,過ぎる,すぎる,sugiru,"pass by, exceed",Verb
819,JLPT2,首都,しゅと,shuto,capital,Noun
820,JLPT2,教師,きょうし,kyoushi,"teacher, instructor",Noun
821,JLPT3,相談,そうだん,soudan,"consultation, advice",Verbal Noun
822,JLPT3,用意,ようい,youi,"prepare, ready oneself",Verbal Noun
823,JLPT4,ニュース,ニュース,nyuusu,news,Noun
824,JLPT3,法律,ほうりつ,houritsu,law,Noun
825,JLPT0,大変,たいへん,taihen,"awful, serious",Adjectival Noun
826,JLPT3,戦争,せんそう,sensou,"war, battle",Verbal Noun
827,JLPT2,ずっと,ずっと,zutto,"all day, from start to finish",Adverb
828,JLPT2,自然,しぜん,shizen,"natural, naturally",Adjectival Noun
829,JLPT3,島,しま,shima,"island, isle",Noun
830,JLPT4,窓,まど,mado,"window, windowpane",Noun
831,JLPT2,考え,かんがえ,kangae,"thought, view, idea",Noun
832,JLPT2,ビデオ,ビデオ,bideo,video,Noun
833,JLPT2,マンション,マンション,manshon,"apartment, apartment block, condominium",Noun
834,JLPT2,健康,けんこう,kenkou,healthy,Adjectival Noun
835,JLPT3,通り,とおり,toori,"passage, street",Noun
836,JLPT3,喜ぶ,よろこぶ,yorokobu,"be happy, be delighted",Verb
837,JLPT3,入院,にゅういん,nyuuin,be hospitalized,Verbal Noun
838,JLPT2,増やす,ふやす,fuyasu,"increase, add",Verb
839,JLPT3,育てる,そだてる,sodateru,"bring up, breed",Verb
840,JLPT2,温度,おんど,ondo,temperature,Noun
841,JLPT4,雑誌,ざっし,zasshi,"magazine, journal",Noun
842,JLPT0,私たち,わたしたち,watashitachi,we,Noun
843,JLPT3,食事,しょくじ,shokuji,"meal, dinner",Verbal Noun
844,JLPT4,風,かぜ,kaze,wind,Noun
845,JLPT0,早く,はやく,hayaku,"early, soon",Adverb
846,JLPT0,明るい,あかるい,okarui,"bright, cheerful",Adjective
847,JLPT3,運転,うんてん,unten,drive,Verbal Noun
848,JLPT3,しばらく,しばらく,shibaraku,"awhile, long time, for the time being",Adverb
849,JLPT0,高さ,たかさ,takasa,height,Noun
850,JLPT4,借りる,かりる,kariru,borrow,Verb
851,JLPT3,放送,ほうそう,housou,broadcasting,Verbal Noun
852,JLPT2,就職,しゅうしょく,shuushoku,finding employment,Verbal Noun
853,JLPT0,大きさ,おおきさ,ookisa,"size, dimensions",Noun
854,JLPT4,困る,こまる,komaru,"be at a loss, in a jam, in trouble",Verb
855,JLPT3,通る,とおる,tooru,"pass, take, go through",Verb
856,JLPT2,ガス,ガス,gasu,gas,Noun
857,JLPT2,夫婦,ふうふ,fuufu,"husband and wife, married couple",Noun
858,JLPT3,立てる,たてる,tateru,"stand, set up, establish",Verb
859,JLPT2,伸びる,のびる,nobiru,"stretch, grow",Verb
860,JLPT3,聞こえる,きこえる,kikoeru,"hear, be heard",Verb
861,JLPT2,殺す,ころす,korosu,"kill, smother",Verb
862,JLPT4,静か,しずか,shizuka,"quiet, tranquil",Adjectival Noun
863,JLPT2,分かれる,わかれる,wakareru,"be divided, disperse, branch off",Verb
864,JLPT2,詳しい,くわしい,kuwashi,"detailed, complete",Adjective
865,JLPT2,正確,せいかく,seikaku,"accurate, precise",Adjectival Noun
866,JLPT3,うまい,うまい,umai,good at,Adjective
867,JLPT3,打つ,うつ,utsuru,"hit, strike",Verb
868,JLPT3,工業,こうぎょう,kougyou,"industry, manufacturing industry",Noun
869,JLPT2,サラリーマン,サラリーマン,sarariiman,"office worker, salaried worker, company employee",Noun
870,JLPT4,有名,ゆうめい,yuumei,famous,Adjectival Noun
871,JLPT3,捨てる,すてる,suteru,"discard, abandon",Verb
872,JLPT2,移す,うつす,utsusu,"move, shift, transfer",Verb
873,JLPT3,正しい,ただしい,tadashii,"correct, righteous, lawful",Adjective
874,JLPT2,売れる,うれる,ureru,"sell, be in demand",Verb
875,JLPT3,番組,ばんぐみ,bangumi,program,Noun
876,JLPT0,代わる,かわる,kawaru,"substitute, be substituted for",Verb
877,JLPT4,着く,つく,tsuku,"arrive, make contact, settle",Verb
878,JLPT4,バス,バス,basu,bus,Noun
879,JLPT2,中学,ちゅうがく,chuugaku,junior high school,Noun
880,JLPT4,歌,うた,uta,song,Noun
881,JLPT4,薄い,うすい,usui,"thin, weak, pale",Adjective
882,JLPT2,減らす,へらす,herasu,"decrease, reduce",Verb
883,JLPT3,科学,かがく,kagaku,science,Noun
884,JLPT3,約束,やくそく,yakusoku,"promise, vow",Verbal Noun
885,JLPT3,出発,しゅっぱつ,shubbatsu,"departure, starting",Verbal Noun
886,JLPT2,動かす,うごかす,ugokasu,"move, operate",Verb
887,JLPT3,紹介,しょうかい,shoukai,"introduction, presentation",Verbal Noun
888,JLPT3,倒れる,たおれる,taoreru,"fall over, succumb",Verb
889,JLPT3,席,せき,seki,"seat, one's place",Noun
890,JLPT3,熱,ねつ,netsu,"heat, fever",Noun
891,JLPT2,値段,ねだん,nedan,price,Noun
892,JLPT0,長さ,ながさ,nagasa,length,Noun
893,JLPT4,クラス,クラス,kurasu,class,Noun
894,JLPT4,隣,となり,tonari,"neighboring house, next seat",Noun
895,JLPT2,トラック,トラック,torakku,"truck, lorry",Noun
896,JLPT4,大使館,たいしかん,taishikan,embassy,Noun
897,JLPT3,亡くなる,なくなる,nakunaru,"die, pass away",Verb
898,JLPT4,パーティー,パーティー,paatii,party,Verbal Noun
899,JLPT2,犬,いぬ,ine,dog,Noun
900,JLPT3,うまい,うまい,umai,"delicious, tasty",Adjective
901,JLPT3,特別,とくべつ,tokubetsu,"special, extraordinary",Adjectival Noun
902,JLPT4,教室,きょうしつ,kyoushitsu,"classroom, class",Noun
903,JLPT3,ガラス,ガラス,garasu,glass,Noun
904,JLPT2,振る,ふる,furu,"wave, shake, brandish",Verb
905,JLPT0,落とす,おとす,otosu,"drop, omit",Verb
906,JLPT4,夕方,ゆうがた,yuugata,evening,Noun
907,JLPT2,コース,コース,koosu,"course, route",Noun
908,JLPT4,アパート,アパート,apaato,"apartment, flat, apartment house",Noun
909,JLPT3,小説,しょうせつ,shouusetsu,"novel, story",Noun
910,JLPT4,レコード,レコード,rekoodo,record,Noun
911,JLPT2,どんどん,どんどん,dondon,knock,Adverb
912,JLPT3,通う,かよう,kayou,"go to and from, frequent a place",Verb
913,JLPT2,秘密,ひみつ,himitsu,"secret, privacy",Adjectival Noun
914,JLPT4,料理,りょうり,ryouri,"cooking, handling",Verbal Noun
915,JLPT2,苦しい,くるしい,kurushi,"painful, difficult",Adjective
916,JLPT2,信じる,しんじる,shinjiru,"believe, trust, have faith in",Verb
917,JLPT2,何か,なにか,nanika,"something, some",Noun
918,JLPT4,カメラ,カメラ,kamera,camera,Noun
919,JLPT3,下げる,さげる,sageru,"lower, turn down",Verb
920,JLPT2,留学,りゅうがく,ryuugaku,studying abroad,Verbal Noun
921,JLPT3,無理,むり,muri,"unreasonable, impossible, forced",Adjectival Noun
922,JLPT3,飾る,かざる,kachiru,"decorate, exhibit",Verb
923,JLPT4,北,きた,kita,north,Noun
924,JLPT3,訪ねる,たずねる,tazuneru,"visit, call on",Verb
925,JLPT4,テープ,テープ,teepu,"tape, cassette",Noun
926,JLPT2,馬,うま,uma,horse,Noun
927,JLPT2,長男,ちょうなん,chounan,eldest son,Noun
928,JLPT3,近所,きんじょ,kinjo,neighborhood,Noun
929,JLPT3,数学,すうがく,suugaku,mathematics,Noun
930,JLPT3,入学,にゅうがく,nyuugaku,"enter a school, matriculate",Verbal Noun
931,JLPT4,黒い,くろい,kuroi,"black, dark",Adjective
932,JLPT4,頼む,たのむ,tanomu,"ask, request",Verb
933,JLPT4,並べる,ならべる,naraberu,"line up, display, set up",Verb
934,JLPT2,受け取る,うけとる,uketoru,"receive, understand",Verb
935,JLPT2,太陽,たいよう,taiyou,sun,Noun
936,JLPT0,年寄り,としより,toshiyori,"old person, older councilor",Noun
937,JLPT3,味,あじ,aji,"taste, flavor",Noun
938,JLPT3,思い出す,おもいだす,omuidasu,"recollect, recall",Verb
939,JLPT3,細かい,こまかい,komakai,"minute, elaborate",Adjective
940,JLPT2,成績,せいせき,seiseki,"results, record",Noun
941,JLPT2,涙,なみだ,namida,tear,Noun
942,JLPT4,横,よこ,yoko,"side, width across",Noun
943,JLPT2,穴,あな,ana,"hole, cavity",Noun
944,JLPT3,季節,きせつ,kisetsu,season,Noun
945,JLPT2,ビール,ビール,biiru,"beer, lager",Noun
946,JLPT3,故障,こしょう,koshou,"malfunction, fault, breakdown",Verbal Noun
947,JLPT3,裏,うら,ura,"rear, reverse, inside",Noun
948,JLPT2,ページ,ページ,peeji,page,Noun
949,JLPT3,迎える,むかえる,mukaeru,"welcome, go out to meet, invite",Verb
950,JLPT4,野菜,やさい,yasai,vegetable,Noun
951,JLPT4,渡す,わたす,watasu,"carry across, hand over",Verb
952,JLPT2,贈る,おくる,okuru,"offer, give",Verb
953,JLPT2,合格,ごうかく,goukaku,"passing an examination, eligibility",Verbal Noun
954,JLPT0,グラフ,グラフ,gurafu,"chart, graph",Noun
955,JLPT4,公園,こうえん,kouen,"park, public garden",Noun
956,JLPT4,戸,と,to,"door, shutter",Noun
957,JLPT0,中学生,ちゅうがくせい,chuugakusei,junior high school student,Noun
958,JLPT4,玄関,げんかん,genkan,"entrance, door",Noun
959,JLPT4,撮る,とる,toru,"photograph, shoot, film",Verb
960,JLPT4,夏休み,なつやすみ,natsuyasumi,summer vacation,Noun
961,JLPT4,毎年,まいとし,maitoshi,every year,Noun
962,JLPT4,地図,ちず,chizu,"map, atlas",Noun
963,JLPT3,海岸,かいがん,kaigan,"seashore, coast",Noun
964,JLPT2,急に,きゅうに,kyuuni,"suddenly, unexpectedly",Adverb
965,JLPT4,女の子,おんなのこ,onnanoko,"girl, daughter",Noun
966,JLPT2,ポスト,ポスト,posuto,"post box, letter box",Noun
967,JLPT4,暗い,くらい,kurai,"dark, dreary, shadowy",Adjective
968,JLPT3,両方,りょうほう,ryoubou,both,Noun
969,JLPT4,向こう,むこう,mukou,"the other side, the other party, opponent",Noun
970,JLPT4,忙しい,いそがしい,isogashii,"busy, occupied",Adjective
971,JLPT2,給料,きゅうりょう,kyuuryou,"salary, pay",Noun
972,JLPT4,テスト,テスト,tesuto,"test, exam",Verbal Noun
973,JLPT2,あちこち,あちこち,achikochi,all over,Noun
974,JLPT2,切れる,きれる,kireru,"run out, expire, can cut",Verb
975,JLPT0,野球,やきゅう,yakyuu,baseball,Noun
976,JLPT3,試験,しけん,shiken,"test, examination",Verbal Noun
977,JLPT3,台風,たいふう,taifuu,typhoon,Noun
978,JLPT3,規則,きそく,kisoku,"rule, regulation",Noun
979,JLPT3,遠く,とおく,tooku,great distance,Adverb
980,JLPT0,ゴルフ,ゴルフ,gorufu,golf,Noun
981,JLPT3,看護婦,かんごふ,kangofu,female nurse,Noun
982,JLPT4,ラジオ,ラジオ,rajio,radio,Noun
983,JLPT0,逢う,あう,au,meet,Verb
984,JLPT4,タクシー,タクシー,tekushii,"taxi, cab",Noun
985,JLPT4,来月,らいげつ,raigetsu,next month,Noun
986,JLPT2,教科書,きょうかしょ,kyoukasho,"textbook, schoolbook",Noun
987,JLPT4,電気,でんき,denki,"electricity, electric light",Noun
988,JLPT3,急,きゅう,kyuu,"urgent, dire, pressing",Adjectival Noun
989,JLPT4,ゆっくり,ゆっくり,yukkri,slowly,Adverb
990,JLPT4,兄弟,きょうだい,kyoudai,sibling,Noun
991,JLPT4,牛肉,ぎゅうにく,kyuuniku,beef,Noun
992,JLPT3,確か,たしか,tashika,"for sure, for certain",Adjectival Noun
993,JLPT3,慣れる,なれる,nareru,grow accustomed to,Verb
994,JLPT4,厚い,あつい,atsui,"thick, bulky",Adjective
995,JLPT4,返す,かえす,kaesu,"return, repay",Verb
996,JLPT3,中学校,ちゅうがっこう,chuugakkou,junior high school,Noun
997,JLPT2,森,もり,muri,"thick woods, forest",Noun
998,JLPT4,降りる,おりる,oriru,"get off, land",Verb
999,JLPT0,曲,きょく,kyoku,"song, melody, tune",Noun
1000,JLPT3,遊び,あそび,asobi,"play, amusement",Noun
1001,JLPT2,奥,おく,oku,"inner part, the back, inner chamber",Noun
1002,JLPT2,得意,とくい,tokui,"one's forte, pride, customer",Adjectival Noun
1003,JLPT0,下がる,さがる,sagaru,"come down, hang down, fall",Verb
1004,JLPT4,レストラン,レストラン,resutoran,restaurant,Noun
1005,JLPT4,医者,いしゃ,isha,doctor,Noun
1006,JLPT2,カード,カード,kado,"card, credit card",Noun
1007,JLPT4,吹く,ふく,fuku,"blow, play on a wind instrument",Verb
1008,JLPT2,信号,しんごう,shingou,"signal, traffic light",Noun
1009,JLPT4,絵,え,e,"picture, painting, drawing",Noun
1010,JLPT2,修理,しゅうり,shuuri,"repair, mending",Verbal Noun
1011,JLPT4,地下鉄,ちかてつ,chikatetsu,subway,Noun
1012,JLPT0,赤ちゃん,あかちゃん,akachan,baby,Noun
1013,JLPT0,面白い,おもしろい,omoshiroi,"interesting, amusing",Adjective
1014,JLPT2,離婚,りこん,rikon,divorce,Verbal Noun
1015,JLPT2,小学生,しょうがくせい,shougakusei,"schoolchildren, schoolboy",Noun
1016,JLPT2,育つ,そだつ,sodatsu,"be brought up, grow",Verb
1017,JLPT2,数える,かぞえる,kazoeru,"count, calculate",Verb
1018,JLPT3,アルバイト,アルバイト,arubaito,"casual job, student job, part-time job",Verbal Noun
1019,JLPT4,買い物,かいもの,kaimono,"shopping, purchase",Verbal Noun
1020,JLPT3,石,いし,ishi,"stone, small rock",Noun
1021,JLPT4,薬,くすり,kusuri,"drug, remedy, chemical",Noun
1022,JLPT4,毎年,まいねん,mainen,every year,Noun
1023,JLPT2,回す,まわす,mawasu,"turn, rotate",Verb
1024,JLPT2,コピー,コピー,kopii,"copy, photocopy",Verbal Noun
1025,JLPT2,ぶつかる,ぶつかる,butsukaru,"hit, bump into",Verb
1026,JLPT3,運転手,うんてんしゅ,untenshu,driver,Noun
1027,JLPT3,教会,きょうかい,kyoukai,church,Noun
1028,JLPT4,フィルム,フィルム,fuirumu,film,Noun
1029,JLPT2,未来,みらい,mirai,future,Noun
1030,JLPT3,校長,こうちょう,kouchou,"principal, schoolmaster",Noun
1031,JLPT4,デパート,デパート,depaato,"department store, department",Noun
1032,JLPT2,見送る,みおくる,miokuru,see (someone) off,Verb
1033,JLPT2,向く,むく,muku,"turn, face, look",Verb
1034,JLPT3,揺れる,ゆれる,yureru,"shake, sway, rock",Verb
1035,JLPT3,髪,かみ,kami,"hair, hairstyle",Noun
1036,JLPT4,箱,はこ,hako,"box, case",Noun
1037,JLPT2,思い出,おもいで,omoide,"recollections, memory",Noun
1038,JLPT4,ベッド,ベッド,beddo,bed,Noun
1039,JLPT2,新幹線,しんかんせん,shinkansen,"Shinkansen, Bullet Train",Noun
1040,JLPT0,生む,うむ,umu,have children,Verb
1041,JLPT4,奥さん,おくさん,okusan,"married lady, your wife",Noun
1042,JLPT4,階段,かいだん,kaidan,"steps, flight of stairs",Noun
1043,JLPT3,招待,しょうたい,shoutai,invitation,Verbal Noun
1044,JLPT4,コート,コート,kooto,"coat, jacket",Noun
1045,JLPT2,燃える,もえる,moeru,"burn, undergo combustion",Verb
1046,JLPT4,食堂,しょくどう,shokudou,"dining hall, restaurant",Noun
1047,JLPT0,天井,てんじょう,tenjou,ceiling,Noun
1048,JLPT2,課,か,ka,"section, division, lesson",Noun
1049,JLPT4,靴,くつ,kutsu,"shoes, boots",Noun
1050,JLPT3,予約,よやく,yoyaku,"reservation, subscription",Verbal Noun
1051,JLPT0,一昨年,おととし,ototoshi,the year before last,Noun
1052,JLPT0,休日,きゅうじつ,kyuujitsu,"holiday, day off",Noun
1053,JLPT2,注文,ちゅうもん,chuumon,"order, request",Verbal Noun
1054,JLPT2,家賃,やちん,yachin,rent,Noun
1055,JLPT4,散歩,さんぽ,sanpo,"walk, stroll",Verbal Noun
1056,JLPT2,通勤,つうきん,tsuukin,"commuting, commutation",Verbal Noun
1057,JLPT4,ノート,ノート,nooto,"note book, laptop",Noun
1058,JLPT2,辞める,やめる,yameru,"resign, retire",Verb
1059,JLPT3,仕方,しかた,shikata,"way, method",Noun
1060,JLPT4,台所,だいどころ,daidokoro,kitchen,Noun
1061,JLPT2,建つ,たつ,tatsu,"be built, be erected",Verb
1062,JLPT3,踏む,ふむ,fumu,"step on, tread on",Verb
1063,JLPT2,配る,くばる,kubaru,"hand out, distribute, allot",Verb
1064,JLPT2,握る,にぎる,nigiru,"grasp, make hand-rolled sushi balls",Verb
1065,JLPT4,練習,れんしゅう,renshuu,"practice, training",Verbal Noun
1066,JLPT0,強さ,つよさ,tsuyosa,"strength, power",Noun
1067,JLPT3,久しぶり,ひさしぶり,hisashiburi,after a long time,Adjectival Noun
1068,JLPT2,往復,おうふく,oufuku,"going and returning, round trip",Noun
1069,JLPT4,大勢,おおぜい,oozei,"large numbers, a lot of",Noun
1070,JLPT2,親しい,したしい,shitashii,"intimate, familiar",Adjective
1071,JLPT4,番号,ばんごう,bangou,"number, serial number",Noun
1072,JLPT2,ワイン,ワイン,wain,wine,Noun
1073,JLPT2,巻く,まく,maku,"roll up, wind, wrap",Verb
1074,JLPT4,青い,あおい,aoi,blue,Adjective
1075,JLPT3,おかしい,おかしい,okashii,"strange, peculiar, suspicious",Adjective
1076,JLPT4,渡る,わたる,wataru,"cross, ford, go across",Verb
1077,JLPT2,牛,うし,ushi,"cattle, cow",Noun
1078,JLPT2,氷,こおり,koori,ice,Noun
1079,JLPT2,挨拶,あいさつ,aisatsu,"greet, greeting",Verbal Noun
1080,JLPT4,洗う,あらう,arau,wash,Verb
1081,JLPT2,尋ねる,たずねる,tazuneru,"inquire, search for",Verb
1082,JLPT2,叩く,たたく,tataku,"tap, hit",Verb
1083,JLPT2,廊下,ろうか,rouka,"hallway, corridor",Noun
1084,JLPT4,郵便局,ゆうびんきょく,yuubinkyoku,post office,Noun
1085,JLPT2,割る,わる,waru,"divide, crack, split",Verb
1086,JLPT2,進学,しんがく,shingaku,entering a school of higher grade,Verbal Noun
1087,JLPT4,トイレ,トイレ,toire,toilet,Noun
1088,JLPT4,咲く,さく,saku,"bloom, blossom",Verb
1089,JLPT3,駐車場,ちゅうしゃじょう,chuushajou,parking area,Noun
1090,JLPT3,泣く,なく,naku,"cry, weep",Verb
1091,JLPT2,屋根,やね,yane,roof,Noun
1092,JLPT3,案内,あんない,annai,"guide, inform",Verbal Noun
1093,JLPT2,キャンプ,キャンプ,kyanpu,"camping, camp",Verbal Noun
1094,JLPT4,荷物,にもつ,nimotsu,"baggage, load",Noun
1095,JLPT2,迷惑,めいわく,meiwaku,"trouble, annoyance",Verbal Noun
1096,JLPT4,先月,せんげつ,sengetsu,last month,Noun
1097,JLPT3,美術館,びじゅつかん,bijutsukan,art museum,Noun
1098,JLPT2,破る,やぶる,yaburu,"tear, break through, breach",Verb
1099,JLPT2,愛,あい,ai,love,Verbal Noun
1100,JLPT2,黒,くろ,kuro,black,Noun
1101,JLPT2,断る,ことわる,kotowaru,"refuse, turn down",Verb
1102,JLPT3,品物,しなもの,shinamono,"article, thing",Noun
1103,JLPT2,プラスチック,プラスチック,purasutekku,plastic,Noun
1104,JLPT4,貸す,かす,kasu,"lend, lease",Verb
1105,JLPT2,沈む,しずむ,shizumu,"sink, set",Verb
1106,JLPT2,光る,ひかる,hikaru,"shine, emit light",Verb
1107,JLPT0,右手,みぎて,migite,right hand,Noun
1108,JLPT2,赤,あか,aka,"red, crimson",Noun
1109,JLPT4,卵,たまご,tamago,egg,Noun
1110,JLPT4,疲れる,つかれる,tsukareru,"get tired, become fatigued",Verb
1111,JLPT4,男の子,おとこのこ,otokonoko,"boy, baby boy",Noun
1112,JLPT4,泳ぐ,およぐ,oyogu,swim,Verb
1113,JLPT0,内側,うちがわ,uchigawa,"inside, interior",Noun
1114,JLPT3,習慣,しゅうかん,shuukan,"custom, habit",None
1115,JLPT3,投げる,なげる,nageru,"throw, abandon",Verb
1116,JLPT2,カラー,カラー,karaa,color,Noun
1117,JLPT3,正月,しょうがつ,shougatsu,New Year,Noun
1118,JLPT3,趣味,しゅみ,shumi,"hobby, interest",Noun
1119,JLPT3,盗む,ぬすむ,mesumu,"steal, rob",Verb
1120,JLPT2,ピアノ,ピアノ,piano,piano,Noun
1121,JLPT4,池,いけ,ike,pond,Noun
1122,JLPT2,大学院,だいがくいん,daigakuin,graduate school,Noun
1123,JLPT0,何度,なんど,nando,"how many degrees, how many times",Noun
1124,JLPT2,不幸,ふこう,fukou,"unhappiness, misfortune, bereavement",Adjectival Noun
1125,JLPT2,恐ろしい,おそろしい,osoroshii,"terrible, awful",Adjective
1126,JLPT3,退院,たいいん,taiin,discharge from a hospital,Verbal Noun
1127,JLPT2,付く,つく,tsuku,"attach itself to, be connected with, come in contact with",Verb
1128,JLPT0,重さ,おもさ,omosa,weight,Noun
1129,JLPT2,商業,しょうぎょう,shougyou,"commerce, trade",Noun
1130,JLPT2,スキー,スキー,sukii,"ski, skiing",Noun
1131,JLPT2,敷く,しく,shiku,"lay, spread",Verb
1132,JLPT3,安心,あんしん,onshin,"peace of mind, relief",Verbal Noun
1133,JLPT3,糸,いと,ito,"thread, yarn",Noun
1134,JLPT3,なかなか,なかなか,nakanaka,"not at all, hardly",Adverb
1135,JLPT3,人形,にんぎょう,ningyou,doll,Noun
1136,JLPT4,プール,プール,puuru,pool,Noun
1137,JLPT2,銀,ぎん,gin,silver,Noun
1138,JLPT2,匂い,におい,nioi,"smell, odor",Noun
1139,JLPT2,ホーム,ホーム,hoomu,platform,Noun
1140,JLPT0,交通事故,こうつうじこ,koutsuujiko,traffic accident,Noun
1141,JLPT2,幸せ,しあわせ,shiawase,"happiness, good fortune",Adjectival Noun
1142,JLPT4,吸う,すう,suu,"inhale, suck",Verb
1143,JLPT2,浅い,あさい,asai,"shallow, superficial",Adjective
1144,JLPT2,見学,けんがく,kengaku,"observation tour, study tour, field trip",Verbal Noun
1145,JLPT2,濃い,こい,koi,"thick, concentrated, dark-colored",Adjective
1146,JLPT3,壊す,こわす,kowasu,"break, destroy, smash",Verb
1147,JLPT3,間に合う,まにあう,maniau,"be in time, answer the purpose, can do without",Verb
1148,JLPT3,届ける,とどける,todokeru,"deliver, give notice",Verb
1149,JLPT3,葉,は,ha,"leaf, needle",Noun
1150,JLPT4,エレベーター,エレベーター,erebeetaa,elevator,Noun
1151,JLPT2,メモ,メモ,mete,"memorandum, memo pad",Noun
1152,JLPT2,立派,りっぱ,ribba,"fine, excellent",Adjectival Noun
1153,JLPT3,旅館,りょかん,ryokan,Japanese inn,Noun
1154,JLPT0,凄い,すごい,sugoi,"wonderful, great, incredible",Adjective
1155,JLPT4,パン,パン,pan,bread,Noun
1156,JLPT3,びっくりする,びっくりする,bikkrisuru,surprised,Verb
1157,JLPT4,便利,べんり,benri,"convenience, handiness",Adjectival Noun
1158,JLPT4,砂糖,さとう,satou,sugar,Noun
1159,JLPT4,休み,やすみ,yasumi,"rest, holiday, absence",Noun
1160,JLPT2,録音,ろくおん,rokuon,sound recording,Verbal Noun
1161,JLPT0,言い方,いいかた,iikata,"way of speaking, expression",Noun
1162,JLPT3,帰り,かえり,kaeri,"return, going home",Noun
1163,JLPT0,週末,しゅうまつ,shuumatsu,weekend,Noun
1164,JLPT4,ズボン,ズボン,zubon,"trousers, pants",Noun
1165,JLPT3,足りる,たりる,tariru,"suffice, serve, be satisfied",Verb
1166,JLPT3,拾う,ひろう,hirou,"pick up, find",Verb
1167,JLPT0,祭り,まつり,matsuri,festival,Noun
1168,JLPT2,博物館,はくぶつかん,hakubutsukan,museum,Noun
1169,JLPT2,青,あお,aoi,"blue, green, green light",Noun
1170,JLPT3,売り場,うりば,uriba,"sales floor, department",Noun
1171,JLPT3,おもちゃ,おもちゃ,omocha,"toy, plaything",Noun
1172,JLPT3,金持ち,かねもち,kanemochi,wealthy person,Noun
1173,JLPT2,頑張る,がんばる,ganbaru,"persist, be tenacious",Verb
1174,JLPT4,グラム,グラム,guramu,gram,Noun
1175,JLPT2,コーヒー,コーヒー,koohii,coffee,Noun
1176,JLPT2,桜,さくら,sakura,"cherry tree, cherry blossom",Noun
1177,JLPT2,刺す,さす,sasu,"stab, prick, sting",Verb
1178,JLPT2,テント,テント,tento,tent,Noun
1179,JLPT2,ボート,ボート,booto,boat,Noun
1180,JLPT2,遭う,あう,au,"meet with, encounter",Verb
1181,JLPT2,ボール,ボール,booru,ball,Noun
1182,JLPT3,オートバイ,オートバイ,ootobai,"motorbike, motorcycle",Noun
1183,JLPT0,外人,がいじん,gaijin,"foreigner, alien",Noun
1184,JLPT2,猫,ねこ,neko,"cat, feline",Noun
1185,JLPT2,隠れる,かくれる,kakureru,"hide, disappear",Verb
1186,JLPT3,親切,しんせつ,shinsetsu,"kind, friendly",Adjectival Noun
1187,JLPT2,是非,ぜひ,zehi,"by all means, at any cost",Adverb
1188,JLPT2,通学,つうがく,tsuugaku,"attending school, going to school",Verbal Noun
1189,JLPT2,預ける,あずける,azukeru,"deposit, entrust",Verb
1190,JLPT2,付ける,つける,tsukeru,"attach, set, apply",Verb
1191,JLPT4,習う,ならう,narau,"learn, practice",Verb
1192,JLPT2,組み立てる,くみたてる,kumitateru,"build, set up, construct",Verb
1193,JLPT3,塗る,ぬる,neru,"spread on, paint",Verb
1194,JLPT0,左手,ひだりて,hidarite,left hand,Noun
1195,JLPT3,ひどい,ひどい,hidoi,"cruel, severe",Adjective
1196,JLPT2,別々,べつべつ,betsubetsu,separately,Adjectival Noun
1197,JLPT4,毎週,まいしゅう,maishuu,every week,Noun
1198,JLPT2,気温,きおん,kion,temperature,Noun
1199,JLPT2,蹴る,ける,keru,kick,Verb
1200,JLPT2,真っ赤,まっか,makka,deep red,Adjectival Noun
1201,JLPT0,外国語,がいこくご,gaikokugo,foreign language,Noun
1202,JLPT3,着物,きもの,komono,"clothes, kimono",Noun
1203,JLPT2,牛乳,ぎゅうにゅう,gyuunyuu,milk,Noun
1204,JLPT3,住所,じゅうしょ,jyuusho,"one's dwelling, address",Noun
1205,JLPT4,先週,せんしゅう,senshuu,last week,Noun
1206,JLPT3,飛行場,ひこうじょう,hikoujou,"airport, airfield",Noun
1207,JLPT0,救急車,きゅうきゅうしゃ,kyuukyuusha,ambulance,Noun
1208,JLPT3,下りる,おりる,oriru,"go down, come down",Verb
1209,JLPT4,果物,くだもの,kudamono,fruit,Noun
1210,JLPT2,間違い,まちがい,machigai,"mistake, error",Noun
1211,JLPT4,あなた,あなた,anata,you,Noun
1212,JLPT4,映画館,えいがかん,eigakan,movie theater,Noun
1213,JLPT3,踊る,おどる,odoru,dance,Verb
1214,JLPT3,怖い,こわい,kowai,"fearful, be afraid",Adjective
1215,JLPT3,鏡,かがみ,kagami,mirror,Noun
1216,JLPT3,草,くさ,kusa,"grass, weed",Noun
1217,JLPT2,敬語,けいご,keigo,"honorific language, polite speech",Noun
1218,JLPT2,欠席,けっせき,kesseki,"absence, nonattendance",Verbal Noun
1219,JLPT2,スイッチ,スイッチ,suicchi,switch,Noun
1220,JLPT4,掃除,そうじ,souji,cleaning,Verbal Noun
1221,JLPT3,畳,たたみ,tatami,"tatami, mat",Noun
1222,JLPT0,速さ,はやさ,hayasa,speed,Noun
1223,JLPT2,林,はやし,hayashi,"woods, grove",Noun
1224,JLPT3,プレゼント,プレゼント,purezento,"present, gift",Verbal Noun
1225,JLPT2,弁当,べんとう,bentou,"box lunch, picnic lunch",Noun
1226,JLPT2,いつでも,いつでも,itsudemo,"always, at all times",Adverb
1227,JLPT3,寂しい,さびしい,sabishii,"lonely, desolate, sad",Adjective
1228,JLPT2,少しも,すこしも,sukoshimo,at all,Adverb
1229,JLPT2,尊敬,そんけい,sonkei,"respect, esteem, honor",Verbal Noun
1230,JLPT2,テニス,テニス,tenisu,tennis,Verbal Noun
1231,JLPT2,広さ,ひろさ,hirosa,"area, extent",Noun
1232,JLPT2,読み,よみ,yomi,"reading, judgment, foresight",Noun
1233,JLPT3,植える,うえる,ueru,"plant, raise",Verb
1234,JLPT2,我慢,がまん,gaman,"patience, self-restraint",Verbal Noun
1235,JLPT2,国籍,こくせき,kokuseki,"nationality, citizenship",Noun
1236,JLPT4,こちら,こちら,kochira,"here, this way",Noun
1237,JLPT3,恥ずかしい,はずかしい,hazukashii,"shy, ashamed, disgraceful",Adjective
1238,JLPT4,ボタン,ボタン,boten,button,Noun
1239,JLPT4,洋服,ようふく,youfuku,clothes,Noun
1240,JLPT2,油,あぶら,abura,"oil, animal oil",Noun
1241,JLPT3,おかしい,おかしい,okashii,"funny, amusing, comical",Adjective
1242,JLPT2,余る,あまる,amaru,"remain over, be in excess",Verb
1243,JLPT4,コート,コート,kooto,court,Noun
1244,JLPT2,正直,しょうじき,shoujiki,"honest, upright",Adjectival Noun
1245,JLPT2,ドラマ,ドラマ,doramu,"drama, theater, soap opera",Noun
1246,JLPT0,ビザ,ビザ,beza,visa,Noun
1247,JLPT3,水道,すいどう,suidou,"water service, channel",Noun
1248,JLPT3,店員,てんいん,tenin,"clerk, salesperson",Noun
1249,JLPT2,電池,でんち,denchi,"electric cell, battery",Noun
1250,JLPT4,ポケット,ポケット,poketto,pocket,Noun
1251,JLPT2,握手,あくしゅ,akushu,"handshake, handshaking",Verbal Noun
1252,JLPT2,固い,かたい,katai,"stiff, tight",Adjective
1253,JLPT3,そろそろ,そろそろ,sorosoro,"soon, quietly",Adverb
1254,JLPT3,ぶどう,ぶどう,budou,grapes,Noun
1255,JLPT2,迷う,まよう,mayou,"be perplexed, hesitate, get lost",Verb
1256,JLPT0,押さえる,おさえる,osaeru,hold down,Verb
1257,JLPT3,見物,けんぶつ,kenbutsu,"sightseeing, visit",Verbal Noun
1258,JLPT3,知らせる,しらせる,shiraseru,"let know, inform",Verb
1259,JLPT3,神社,じんじゃ,jinjya,Shinto shrine,Noun
1260,JLPT3,注射,ちゅうしゃ,chuusha,"injection, shot",Verbal Noun
1261,JLPT0,めったに,めったに,mettani,rarely,Adverb
1262,JLPT2,恋人,こいびと,koibito,"lover, sweetheart",Noun
1263,JLPT3,財布,さいふ,saifu,"purse, wallet",Noun
1264,JLPT4,作文,さくぶん,sakubun,"composition, essay",Noun
1265,JLPT3,鳴る,なる,naru,"sound, ring, roar",Verb
1266,JLPT2,真面目,まじめ,majime,"serious, sober, earnest",Adjectival Noun
1267,JLPT2,申し込む,もうしこむ,moushikomu,"apply, make a proposal",Verb
1268,JLPT4,冷蔵庫,れいぞうこ,reizouko,refrigerator,Noun
1269,JLPT2,気に入る,きにいる,kiniiru,"like, be pleased with",Verb
1270,JLPT2,クリスマス,クリスマス,kurisumusu,Christmas,Noun
1271,JLPT4,ネクタイ,ネクタイ,nekutei,"tie, necktie",Noun
1272,JLPT0,厚さ,あつさ,atsuchi,thickness,Noun
1273,JLPT1,受け付ける,うけつける,uketsukeru,"receive, accept",Verb
1274,JLPT4,誕生日,たんじょうび,tanjoubi,birthday,Noun
1275,JLPT2,独身,どくしん,dokushin,"single life, celibacy",Noun
1276,JLPT3,苦い,にがい,nigai,"bitter, sour",Adjective
1277,JLPT2,バイオリン,バイオリン,baiorin,violin,Noun
1278,JLPT2,パスポート,パスポート,posubaato,passport,Noun
1279,JLPT2,バッグ,バッグ,bagge,bag,Noun
1280,JLPT0,今まで,いままで,imamade,"until now, so far",Adverb
1281,JLPT4,切符,きっぷ,kibbu,ticket,Noun
1282,JLPT2,ゴム,ゴム,gomu,elastic,Noun
1283,JLPT2,ジェット機,ジェットき,jiittoki,jet airplane,Noun
1284,JLPT2,少々,しょうしょう,shoushou,"a little, a few",Adverb
1285,JLPT2,随分,ずいぶん,zuibun,"extremely, considerably",Adverb
1286,JLPT2,引っ張る,ひっぱる,hibbaru,"pull, drag",Verb
1287,JLPT4,帽子,ぼうし,houshi,"cap, hat",Noun
1288,JLPT3,焼ける,やける,yakeru,"burn, be scorched, be baked",Verb
1289,JLPT4,鉛筆,えんぴつ,enpitsu,pencil,Noun
1290,JLPT3,会話,かいわ,kaiwa,conversation,Verbal Noun
1291,JLPT4,ギター,ギター,gitaa,guitar,Noun
1292,JLPT2,茶,ちゃ,cha,tea (plain form),Noun
1293,JLPT0,暑さ,あつさ,asusa,"heat, summer heat",Noun
1294,JLPT2,胃,い,i,stomach,Noun
1295,JLPT2,椅子,いす,isu,chair,Noun
1296,JLPT4,お茶,おちゃ,ocha,tea (polite),Noun
1297,JLPT3,踊り,おどり,odori,"dance, dancing",Noun
1298,JLPT2,禁煙,きんえん,kinen,"no smoking, giving up smoking",Verbal Noun
1299,JLPT0,次男,じなん,jinan,second son,Noun
1300,JLPT4,セーター,セーター,seetaa,"sweater, pullover",Noun
1301,JLPT3,引っ越す,ひっこす,hikkosu,"move, change quarters",Verb
1302,JLPT4,丸い,まるい,marui,round,Adjective
1303,JLPT2,写る,うつる,utsuru,"be taken, be seen through",Verb
1304,JLPT4,喫茶店,きっさてん,kissaten,"coffee shop, tea house, café",Noun
1305,JLPT2,全然,ぜんぜん,zenzen,"wholly, at all",Adverb
1306,JLPT3,やっぱり,やっぱり,yabbari,"just as I thought, after all",Adverb
1307,JLPT0,週刊誌,しゅうかんし,shuukanshi,weekly magazine,Noun
1308,JLPT3,棚,たな,tana,"cupboard, shelf, rack",Noun
1309,JLPT2,震える,ふるえる,furueru,"tremble, quiver, shake",Verb
1310,JLPT4,磨く,みがく,migaku,"polish, grind",Verb
1311,JLPT3,カーテン,カーテン,kaaten,curtain,Noun
1312,JLPT3,火事,かじ,kaji,fire,Noun
1313,JLPT4,シャツ,シャツ,shatsu,shirt,Noun
1314,JLPT4,ナイフ,ナイフ,naifu,knife,Noun
1315,JLPT4,皆さん,みなさん,minasan,"everybody, ladies and gentlemen",Noun
1316,JLPT0,次女,じじょ,jijo,second daughter,Noun
1317,JLPT2,貯金,ちょきん,chokin,"savings, deposit",Verbal Noun
1318,JLPT0,バイク,バイク,baiku,"motorbike, motor cycle",Noun
1319,JLPT2,預かる,あずかる,azukaru,"receive on deposit, take charge of",Verb
1320,JLPT0,いつか,いつか,itsuka,"some time, some day",Adverb
1321,JLPT0,オレンジ,オレンジ,orenji,orange,Noun
1322,JLPT2,噛む,かむ,kamu,"bite, chew",Verb
1323,JLPT2,きつい,きつい,kitsui,"tight, difficult",Adjective
1324,JLPT2,削る,けずる,kezuru,"grind down, trim, scale back",Verb
1325,JLPT2,越える,こえる,koeru,"go over, go across, go beyond",Verb
1326,JLPT2,小包,こづつみ,kozutsumi,"parcel, package",Noun
1327,JLPT0,新年,しんねん,shinnen,New Year,Noun
1328,JLPT2,配達,はいたつ,haitatsu,delivery,Verbal Noun
1329,JLPT3,動物園,どうぶつえん,doubutsuen,zoo,Noun
1330,JLPT4,封筒,ふうとう,fuutou,envelope,Noun
1331,JLPT4,危ない,あぶない,abunai,"dangerous, uncertain",Adjective
1332,JLPT0,可愛い,かわいい,kawaii,"cute, charming, sweet",Adjective
1333,JLPT3,さっき,さっき,sakki,"some time ago, only a moment ago",Adverb
1334,JLPT4,宿題,しゅくだい,shukudai,homework,Noun
1335,JLPT3,テキスト,テキスト,tekisuto,"textbook, text, text file",Noun
1336,JLPT2,ビニール,ビニール,biniiru,plastic bag,Noun
1337,JLPT0,りんご,りんご,ringo,apple,Noun
1338,JLPT2,アルバム,アルバム,arubamu,album,Noun
1339,JLPT0,お祖父さん,おじいさん,ojiisan,grandfather,Noun
1340,JLPT3,水泳,すいえい,suiei,swimming,Verbal Noun
1341,JLPT0,混む・込む,こむ・こむ,komukomu,"be crowded, be congested",Verb
1342,JLPT3,柔道,じゅうどう,juudou,judo,Noun
1343,JLPT4,スカート,スカート,sukaato,skirt,Noun
1344,JLPT2,取れる,とれる,toreru,"come off, be removed",Verb
1345,JLPT4,ペン,ペン,pen,pen,Noun
1346,JLPT4,物,もの,mono,"thing, object",Noun
1347,JLPT3,柔らかい,やわらかい,yawarakai,soft,Adjective
1348,JLPT2,郵便,ゆうびん,yuubin,"mail service, postal matter",Noun
1349,JLPT3,割れる,われる,wareru,"crack, be divided, split",Verb
1350,JLPT0,駅員,えきいん,ekiin,station employee,Noun
1351,JLPT2,おしゃべり,おしゃべり,oshaberi,"chatter, talkative",Verbal Noun
1352,JLPT4,切手,きって,kitte,postage stamp,Noun
1353,JLPT0,緑色,みどりいろ,midoriiro,green,Noun
1354,JLPT4,毎朝,まいあさ,maiasa,every morning,Noun
1355,JLPT2,曲げる,まげる,mageru,"bend, curve",Verb
1356,JLPT2,幼稚園,ようちえん,youchien,kindergarten,Noun
1357,JLPT3,きっと,きっと,kitto,"surely, certainly",Adverb
1358,JLPT2,理科,りか,rika,science,Noun
1359,JLPT3,下着,したぎ,shitagi,underwear,Noun
1360,JLPT4,涼しい,すずしい,suzushii,"cool, refreshing",Adjective
1361,JLPT3,太る,ふとる,futoru,"grow fat, fatten",Verb
1362,JLPT2,冷房,れいぼう,reibou,air conditioning,Verbal Noun
1363,JLPT3,別れる,わかれる,wakareru,"separate, part from",Verb
1364,JLPT3,空く,あく,aku,become available or vacant,Verb
1365,JLPT2,鍵,かぎ,kaki,"key, lock",Noun
1366,JLPT4,傘,かさ,kasa,"umbrella, parasol",Noun
1367,JLPT2,出掛ける,でかける,dekakeru,"go out, be about to go out",Verb
1368,JLPT4,毎晩,まいばん,maiban,every evening,Noun
1369,JLPT0,真ん中,まんなか,mannaka,"center, middle",Noun
1370,JLPT3,指輪,ゆびわ,yubiwa,ring,Noun
1371,JLPT2,幾つ,いくつ,ikutsu,"how many, how old",Noun
1372,JLPT2,腐る,くさる,kusaru,"rot, corrode",Verb
1373,JLPT1,貧乏,びんぼう,binbou,"poverty, destitution",Adjectival Noun
1374,JLPT3,間違える,まちがえる,masagaeru,"mistake, confuse",Verb
1375,JLPT2,メニュー,メニュー,menuu,"menu, bill of fare",Noun
1376,JLPT2,アイスクリーム,アイスクリーム,aisukuriimu,ice cream,Noun
1377,JLPT2,おしゃれ,おしゃれ,oshare,"dressing up smartly, trendy",Verbal Noun
1378,JLPT2,休憩,きゅうけい,kyuukei,"rest, repose",Verbal Noun
1379,JLPT2,舌,した,shitagi,tongue,Noun
1380,JLPT2,ジュース,ジュース,juusu,"juice, soft drink",Noun
1381,JLPT2,素晴らしい,すばらしい,subarashii,"splendid, excellent",Adjective
1382,JLPT4,ゼロ,ゼロ,zero,zero,Noun
1383,JLPT0,朝刊,ちょうかん,choukan,morning edition,Noun
1384,JLPT3,丁寧,ていねい,teinei,"polite, courteous, careful",Adjectival Noun
1385,JLPT2,苦手,にがて,nigate,"person that is hard to deal with, weak point",Adjectival Noun
1386,JLPT3,日,ひ,hi,"sun, sunlight, day",Noun
1387,JLPT0,引っ越し,ひっこし,hikkoshi,moving,Verbal Noun
1388,JLPT2,歩道,ほどう,hodou,"sidewalk, footpath",Noun
1389,JLPT3,折れる,おれる,oreru,"snap, be folded, give in",Verb
1390,JLPT2,見送り,みおくり,miokuri,seeing someone off,Verbal Noun
1391,JLPT2,夕刊,ゆうかん,yuukan,evening edition,Noun
1392,JLPT0,この間,このあいだ,konoaida,"the other day, recently",Noun
1393,JLPT3,冷える,ひえる,hieru,"cool down, feel chilly",Verb
1394,JLPT2,ピンク,ピンク,pinku,pink,Noun
1395,JLPT2,グラス,グラス,gurasu,glass,Noun
1396,JLPT2,毛,け,ke,"hair, wool",Noun
1397,JLPT2,黒板,こくばん,kokuban,blackboard,Noun
1398,JLPT2,ダンス,ダンス,dansu,"dance, dancing",Verbal Noun
1399,JLPT2,積もる,つもる,tsumoru,"accumulate, get accumulated",Verb
1400,JLPT0,半年,はんとし,hantoshi,half a year,Noun
1401,JLPT4,出口,でぐち,dekguchi,"exit, exit ramp",Noun
1402,JLPT4,登る,のぼる,noboru,"climb, mount, go up",Verb
1403,JLPT2,真っ白,まっしろ,masshiro,pure-white,Adjectival Noun
1404,JLPT0,おじ,おじ,oji,uncle,Noun
1405,JLPT0,下ろす,おろす,orosu,"bring down, take down, pull down",Verb
1406,JLPT0,貸し出す,かしだす,kashidasu,"lend, lend out",Verb
1407,JLPT0,サッカー,サッカー,sakkaa,"soccer, football",Noun
1408,JLPT3,暖房,だんぼう,danbou,heating,Verbal Noun
1409,JLPT3,手袋,てぶくろ,tebukuro,gloves,Noun
1410,JLPT3,留守,るす,rusu,not at home,Noun
1411,JLPT2,嘘,うそ,uso,lie,Noun
1412,JLPT3,遠慮,えんりょ,enryo,"reserve, hesitation, forethought",Verbal Noun
1413,JLPT2,折る,おる,oru,"break off, fold, bend",Verb
1414,JLPT3,今夜,こんや,konya,"tonight, this evening",Noun
1415,JLPT2,スープ,スープ,suupu,"soup, broth",Noun
1416,JLPT0,バナナ,バナナ,banana,banana,Noun
1417,JLPT3,うるさい,うるさい,urusai,"noisy, annoying, pesky",Adjective
1418,JLPT0,可哀相,かわいそう,kawaisou,"poor, pitiable",Adjectival Noun
1419,JLPT1,パトカー,パトカー,batokaa,"police car, patrol car",Noun
1420,JLPT0,ハンバーガー,ハンバーガー,hanbaagaa,hamburger,Noun
1421,JLPT2,毛布,もうふ,moufu,blanket,Noun
1422,JLPT3,エスカレーター,エスカレーター,esukareetaa,escalator,Noun
1423,JLPT3,お嬢さん,おじょうさん,ojousan,"young lady, your daughter",Noun
1424,JLPT2,タオル,タオル,taoru,towel,Noun
1425,JLPT2,手帳,てちょう,techou,"pocketbook, memo",Noun
1426,JLPT3,乗り換える,のりかえる,norikaeru,"change, transfer",Verb
1427,JLPT2,売店,ばいてん,baiten,"booth, store",Noun
1428,JLPT1,パチンコ,パチンコ,pachinko,pachinko (vertical pinball),Noun
1429,JLPT2,美人,びじん,bijin,beautiful woman,Noun
1430,JLPT0,本屋,ほんや,honya,"bookstore, bookseller",Noun
1431,JLPT0,みかん,みかん,mikan,"tangerine, mandarin orange",Noun
1432,JLPT3,謝る,あやまる,ayamaru,apologize,Verb
1433,JLPT2,ケーキ,ケーキ,keeki,cake,Noun
1434,JLPT4,コップ,コップ,koppu,"cup, glass",Noun
1435,JLPT2,四季,しき,shiki,the four seasons,Noun
1436,JLPT0,田んぼ,たんぼ,tanbo,rice field,Noun
1437,JLPT3,天気予報,てんきよほう,tenkiyohou,weather forecast,Noun
1438,JLPT2,ナイロン,ナイロン,nairon,nylon,Noun
1439,JLPT3,変,へん,hen,"strange, weird, funny",Adjectival Noun
1440,JLPT4,来週,らいしゅう,raishuu,next week,Noun
1441,JLPT3,一生懸命,いっしょうけんめい,isshoukenmei,"for life, with all one's might",Adverb
1442,JLPT3,乾く,かわく,kawaku,"dry, run dry",Verb
1443,JLPT2,皿,さら,sara,"plate, counter for plates or helpings",Noun
1444,JLPT0,間違う,まちがう,machigau,"be mistaken, be incorrect",Verb
1445,JLPT0,事務室,じむしつ,jimushitsu,office,Noun
1446,JLPT0,消防車,しょうぼうしゃ,shoubousha,fire engine,Noun
1447,JLPT2,スーツ,スーツ,suutsu,suit,Noun
1448,JLPT0,チケット,チケット,teketto,ticket,Noun
1449,JLPT0,チョコレート,チョコレート,chokoreeto,chocolate,Noun
1450,JLPT3,泥棒,どろぼう,dorobou,"thief, crook",Verbal Noun
1451,JLPT4,脱ぐ,ぬぐ,negu,"remove clothes, take off",Verb
1452,JLPT0,年賀状,ねんがじょう,nengajou,New Year's card,Noun
1453,JLPT3,乗り物,のりもの,norimono,"vehicle, conveyance",Noun
1454,JLPT3,布団,ふとん,futon,"futon, bedquilt",Noun
1455,JLPT3,役に立つ,やくにたつ,yakunitatsu,"be useful, be helpful",Verb
1456,JLPT2,破れる,やぶれる,yabureru,"tear, rip open",Verb
1457,JLPT3,用事,ようじ,youji,"things to do, errand, business",Noun
1458,JLPT3,写す,うつす,utsusu,"copy, photograph",Verb
1459,JLPT0,腕時計,うでどけい,udedokei,wrist watch,Noun
1460,JLPT3,贈り物,おくりもの,okurimono,"present, gift",Noun
1461,JLPT1,チャンネル,チャンネル,channeru,channel,Noun
1462,JLPT4,つまらない,つまらない,tsumaranai,"boring, dull",Adjective
1463,JLPT4,マッチ,マッチ,macchi,"match, matchbox",Noun
1464,JLPT0,従兄弟,いとこ,itoko,cousin,Noun
1465,JLPT2,冷やす,ひやす,hiyasu,"cool, chill",Verb
1466,JLPT3,片付ける,かたづける,katazukeru,"put in order, dispose of, do away with",Verb
1467,JLPT2,乾杯,かんぱい,kanbai,a toast,Verbal Noun
1468,JLPT4,ストーブ,ストーブ,sutoobu,"paraffin heater, stove",Noun
1469,JLPT2,停車,ていしゃ,teisha,stoppage,Verbal Noun
1470,JLPT4,鳴く,なく,naku,"cry, chirp, meow",Verb
1471,JLPT3,ガソリンスタンド,ガソリンスタンド,gasorinsutasodo,gas station,Noun
1472,JLPT2,片道,かたみち,katamichi,one way,Noun
1473,JLPT4,今朝,けさ,kesa,this morning,Noun
1474,JLPT4,交番,こうばん,kouban,police box,Noun
1475,JLPT2,大分,だいぶ,daibu,"very, greatly",Adverb
1476,JLPT2,梅雨,つゆ,tsuyu,rainy season,Noun
1477,JLPT2,デート,デート,deeto,date,Verbal Noun
1478,JLPT0,ふすま,ふすま,fusuma,"sliding door, fusuma",Noun
1479,JLPT2,真っ直ぐ,まっすぐ,massugu,"dead straight, honestly",Adverb
1480,JLPT0,レモン,レモン,remon,lemon,Noun
1481,JLPT4,上着,うわぎ,uwagi,"coat, jacket",Noun
1482,JLPT2,偉い,えらい,erai,"great, famous, eminent",Adjective
1483,JLPT0,書き方,かきかた,kakikata,"how to write, way of writing",Noun
1484,JLPT2,炊く,たく,taku,"cook, boil",Verb
1485,JLPT2,チーズ,チーズ,chiizu,cheese,Noun
1486,JLPT2,ドライブ,ドライブ,doraibu,drive,Verbal Noun
1487,JLPT2,踏切,ふみきり,fumikiri,railroad crossing,Noun
1488,JLPT2,ラケット,ラケット,raketto,racket,Noun
1489,JLPT3,受付,うけつけ,uketsuke,"receptionist, information office",Noun
1490,JLPT3,怒る,おこる,okoru,"get angry, scold",Verb
1491,JLPT2,化粧,けしょう,keshouu,"make up, put on makeup",Verbal Noun
1492,JLPT0,寿司,すし,sushi,sushi,Noun
1493,JLPT2,スチュワーデス,スチュワーデス,suchuwaadesu,flight attendant,Noun
1494,JLPT3,都合,つごう,tsugou,circumstances,Noun
1495,JLPT4,テープレコーダー,テープレコーダー,teepurekoodaa,"tape recorder, cassette recorder",Noun
1496,JLPT3,ひげ,ひげ,hige,"moustache, beard",Noun
1497,JLPT4,本棚,ほんだな,hondana,bookshelf,Noun
1498,JLPT2,真っ暗,まっくら,hokkura,pitch-dark,Adjectival Noun
1499,JLPT3,沸く,わく,waku,"boil, be excited",Verb
1500,JLPT2,売り切れる,うりきれる,urikireru,"be sold out, go out of stock",Verb
1501,JLPT3,押し入れ,おしいれ,oshire,closet,Noun
1502,JLPT2,革,かわ,kawa,leather,Noun
1503,JLPT2,ぐっすり,ぐっすり,gussuri,soundly,Adverb
1504,JLPT2,紅茶,こうちゃ,koucha,black tea,Noun
1505,JLPT2,邪魔,じゃま,jyama,disturbing,Adjectival Noun
1506,JLPT1,ソース,ソース,soosu,"sauce, Worcestershire sauce",Noun
1507,JLPT2,タイプライター,タイプライター,taipuraitaa,typewriter,Noun
1508,JLPT3,足す,たす,tasu,"add, supplement",Verb
1509,JLPT0,トマト,トマト,tomato,tomato,Noun
1510,JLPT2,履く,はく,haku,"put on footwear, wear",Verb
1511,JLPT4,バター,バター,bataa,butter,Noun
1512,JLPT2,発車,はっしゃ,hassha,"start, leave",Verbal Noun
1513,JLPT0,バレーボール,バレーボール,bareebooru,volleyball,Noun
1514,JLPT2,おかず,おかず,okazu,side dish,Noun
1515,JLPT4,カレンダー,カレンダー,karendaa,calendar,Noun
1516,JLPT4,再来年,さらいねん,sarainen,the year after next,Noun
1517,JLPT2,冗談,じょうだん,joudan,joke,Noun
1518,JLPT0,近付く,ちかづく,chikazuku,"approach, get acquainted",Verb
1519,JLPT0,電話帳,でんわちょう,denwachou,telephone book,Noun
1520,JLPT2,ハンドバッグ,ハンドバッグ,handobagge,handbag,Noun
1521,JLPT3,ベル,ベル,beru,bell,Noun
1522,JLPT2,干す,ほす,hosu,"dry, desiccate",Verb
1523,JLPT2,インク,インク,inku,ink,Noun
1524,JLPT2,蚊,か,ka,mosquito,Noun
1525,JLPT0,改札口,かいさつぐち,kaisatsuguchi,"ticket barrier, wicket",Noun
1526,JLPT2,悲しむ,かなしむ,kanashimu,"feel sad, lament",Verb
1527,JLPT2,クーラー,クーラー,kuuraa,"air conditioning, cooler",Noun
1528,JLPT4,靴下,くつした,kutsushita,"socks, stockings",Noun
1529,JLPT3,失礼,しつれい,shitsurei,"impoliteness, bad manners, I beg your parden/Goodbye",Verbal Noun
1530,JLPT2,西暦,せいれき,seireki,"Christian Era, A.D.",Noun
1531,JLPT0,洗濯機,せんたくき,sentakuki,washing machine,Noun
1532,JLPT0,豆腐,とうふ,toufu,tofu,Noun
1533,JLPT2,昼寝,ひるね,hirune,"siesta, nap",Verbal Noun
1534,JLPT3,不便,ふべん,fuben,inconvenient,Adjectival Noun
1535,JLPT2,ミルク,ミルク,miruku,"milk, baby milk",Noun
1536,JLPT0,向こう側,むこうがわ,mukougawa,other side,Noun
1537,JLPT3,億,おく,oku,hundred million,Noun
1538,JLPT3,お礼,おれい,orei,"thanks, reward, return present",Verbal Noun
1539,JLPT2,着せる,きせる,kiseru,"dress, put on clothes",Verb
1540,JLPT2,サラダ,サラダ,sarada,salad,Noun
1541,JLPT4,八百屋,やおや,yaoya,"vegetable store, greengrocer",Noun
1542,JLPT0,おじさん,おじさん,ojisan,uncle,Noun
1543,JLPT2,代える,かえる,kaeru,"substitute, use in place of",Verb
1544,JLPT3,急行,きゅうこう,kyuukou,"express train, going in a hurry",Noun
1545,JLPT2,交差点,こうさてん,kousaten,"crossing, intersection",Noun
1546,JLPT3,高等学校,こうとうがっこう,koutougakkou,senior high school,Noun
1547,JLPT2,覚める,さめる,sameru,"awake, wake up",Verb
1548,JLPT3,昼休み,ひるやすみ,hiruyasumi,"noon recess, lunch break",Noun
1549,JLPT2,ベルト,ベルト,beruto,belt,Noun
1550,JLPT2,真っ黒,まっくろ,makkuro,"deep-black, jet-black",Adjectival Noun
1551,JLPT0,皆様,みなさま,minasama,"everyone, ladies and gentlemen",Noun
1552,JLPT0,ラーメン,ラーメン,raamen,ramen (Chinese noodles),Noun
1553,JLPT2,ライター,ライター,raitaa,lighter,Noun
1554,JLPT4,ワイシャツ,ワイシャツ,fuichatsu,"(business) shirt, (white) shirt",Noun
1555,JLPT2,転ぶ,ころぶ,korobu,"tumble down, fall over",Verb
1556,JLPT2,冷める,さめる,sameru,"cool off, subside",Verb
1557,JLPT2,シャワー,シャワー,shawaa,shower,Noun
1558,JLPT2,扇風機,せんぷうき,senbuuki,electric fan,Noun
1559,JLPT2,遅刻,ちこく,chikoku,"tardiness, lateness",Verbal Noun
1560,JLPT3,釣る,つる,tsuru,"angle, fish",Verb
1561,JLPT2,うどん,うどん,udon,"noodles, Japanese wheat noodles",Noun
1562,JLPT2,追い越す,おいこす,oikosu,"outrun, overtake",Verb
1563,JLPT2,仮名,かな,kana,"kana, Japanese syllabary",Noun
1564,JLPT4,家内,かない,kanai,my wife,Noun
1565,JLPT0,記念日,きねんび,kinenbi,"memorial day, anniversary",Noun
1566,JLPT2,下り,くだり,kudari,"downhill, going down",Noun
1567,JLPT0,掲示板,けいじばん,keijiban,"notice board, bulletin board",Noun
1568,JLPT2,凍る,こおる,kooru,"freeze, congeal",Verb
1569,JLPT3,ごみ,ごみ,gomi,"rubbish, trash",Noun
1570,JLPT2,消防署,しょうぼうしょ,shoubousho,fire station,Noun
1571,JLPT0,スーパーマーケット,スーパーマーケット,suupaamaaketto,supermarket,Noun
1572,JLPT4,ハンカチ,ハンカチ,hankachi,handkerchief,Noun
1573,JLPT0,ビデオテープ,ビデオテープ,bidiotaapu,videotape,Noun
1574,JLPT1,ぶらぶら,ぶらぶら,burabura,"wander aimlessly, hang about",Adverb
1575,JLPT2,アナウンサー,アナウンサー,anausosaa,"news reader, announcer",Noun
1576,JLPT4,辞書,じしょ,jisho,dictionary,Noun
1577,JLPT0,自炊,じすい,jisui,cooking food for oneself,Verbal Noun
1578,JLPT3,止める,とめる,tomeru,"stop, turn off",Verb
1579,JLPT4,スプーン,スプーン,supoon,spoon,Noun
1580,JLPT0,年下,としした,toshishita,"younger, junior",Noun
1581,JLPT2,治す,なおす,naosu,"cure, heal",Verb
1582,JLPT2,箸,はし,hashi,chopsticks,Noun
1583,JLPT3,花見,はなみ,hanami,flower viewing,Noun
1584,JLPT3,引き出し,ひきだし,hikidashi,"drawer, withdrawal",Noun
1585,JLPT2,ブラウス,ブラウス,burausu,blouse,Noun
1586,JLPT2,訳,やく,yaku,"translation, rendering",Noun
1587,JLPT2,リボン,リボン,ribon,ribbon,Noun
1588,JLPT3,いかが,いかが,ikaga,"how, what",Adverb
1589,JLPT4,居る,いる,iru,be present,Verb
1590,JLPT0,交通費,こうつうひ,koutsuuhi,"traveling expense, transportation cost",Noun
1591,JLPT3,ステレオ,ステレオ,sutareo,stereo,Noun
1592,JLPT2,滑る,すべる,suberu,"slide, slip, flunk an examination",Verb
1593,JLPT2,早口,はやくち,hayakuchi,fast talking,Noun
1594,JLPT4,フォーク,フォーク,fuooku,fork,Noun
1595,JLPT2,裏返す,うらがえす,uragaesu,"turn over, turn inside out",Verb
1596,JLPT0,おば,おば,oba,aunt,Noun
1597,JLPT4,角,かど,kado,"corner, edge, angle",Noun
1598,JLPT0,きらきら,きらきら,kirakira,"shining, sparkling",Adverb
1599,JLPT2,三角,さんかく,sankaku,triangle,Noun
1600,JLPT4,どうぞ,どうぞ,douzo,please,Adverb
1601,JLPT0,図書室,としょしつ,toshoshitsu,library,Noun
1602,JLPT0,入場券,にゅうじょうけん,nyuujouken,entrance ticket,Noun
1603,JLPT2,ネックレス,ネックレス,,necklace,Noun
1604,JLPT1,パジャマ,パジャマ,,pajamas,Noun
1605,JLPT4,ボールペン,ボールペン,,ballpoint pen,Noun
1606,JLPT4,万年筆,まんねんひつ,,fountain pen,Noun
1607,JLPT0,柔らか,やわらか,,"soft, tender, gentle",Adjectival Noun
1608,JLPT2,覚ます,さます,,"awaken, wake up",Verb
1609,JLPT0,すいか,すいか,,watermelon,Noun
1610,JLPT4,そちら,そちら,,"there, that way",Noun
1611,JLPT4,そば,そば,,"buckwheat noodles, soba",Noun
1612,JLPT2,大抵,たいてい,,"generally, mostly",Adverb
1613,JLPT3,特急,とっきゅう,,super-express,Noun
1614,JLPT3,どっち,どっち,,which,Noun
1615,JLPT2,糊,のり,,"glue, starch",Noun
1616,JLPT0,バスケットボール,バスケットボール,,basketball,Noun
1617,JLPT2,晴れ,はれ,,"fine weather, clear sky",Noun
1618,JLPT0,欲しがる,ほしがる,,"desire, wish for, covet",Verb
1619,JLPT0,味噌汁,みそしる,,miso soup,Noun
1620,JLPT0,読み方,よみかた,,"way of reading, reading",Noun
1621,JLPT4,嫌,いや,,"dislike, have a dislike for",Adjectival Noun
1622,JLPT0,入り口,いりぐち,,entrance,Noun
1623,JLPT0,色々,いろいろ,,in various ways,Adjectival Noun
1624,JLPT2,降ろす,おろす,,"unload, set down",Verb
1625,JLPT2,掛かる,かかる,,"hang, splash, require",Verb
1626,JLPT3,サンドイッチ,サンドイッチ,,sandwich,Noun
1627,JLPT2,四角,しかく,,"square, quadrilateral",Adjectival Noun
1628,JLPT2,四角い,しかくい,,"square, four-sided",Adjective
1629,JLPT2,突き当たる,つきあたる,,"hit against, come to the end of",Verb
1630,JLPT2,定期券,ていきけん,,commuter's pass,Noun
1631,JLPT2,にこにこ,にこにこ,,smile,Adverb
1632,JLPT2,馬鹿,ばか,,"fool, nonsense",Adjectival Noun
1633,JLPT2,名字,みょうじ,,"surname, family name",Noun
1634,JLPT2,下る,くだる,,"go down, go down or away from a central place",Verb
1635,JLPT2,ウール,ウール,,wool,Noun
1636,JLPT0,コーラ,コーラ,,"cola, coke",Noun
1637,JLPT0,トイレットペーパー,トイレットペーパー,,toilet paper,Noun
1638,JLPT4,どなた,どなた,,who,Noun
1639,JLPT0,乗り換え,のりかえ,,"change, transfer",Verbal Noun
1640,JLPT2,ハイキング,ハイキング,,hiking,Verbal Noun
1641,JLPT4,灰皿,はいざら,,ashtray,Noun
1642,JLPT0,バス停,ばすてい,,bus stop,Noun
1643,JLPT0,ハム,ハム,,ham,Noun
1644,JLPT0,ボーイフレンド,ボーイフレンド,,boyfriend,Noun
1645,JLPT2,床,ゆか,,floor,Noun
1646,JLPT0,例文,れいぶん,,"illustrative sentence, example",Noun
1647,JLPT0,ローマ字,ろーまじ,,Roman alphabet,Noun
1648,JLPT2,アイロン,アイロン,,iron,Noun
1649,JLPT0,苺,いちご,,strawberry,Noun
1650,JLPT0,カレーライス,カレーライス,,curried rice,Noun
1651,JLPT0,キャッシュカード,キャッシュカード,,cash card,Noun
1652,JLPT0,曇り,くもり,,"cloudiness, cloudy weather",Noun
1653,JLPT4,魚,さかな,,fish,Noun
1654,JLPT4,塩,しお,,salt,Noun
1655,JLPT2,停留所,ていりゅうじょ,,"stop, station",Noun
1656,JLPT2,床屋,とこや,,"barber, barbershop",Noun
1657,JLPT3,歯医者,はいしゃ,,dentist,Noun
1658,JLPT2,歯磨き,はみがき,,"toothpaste, brushing one's teeth",Noun
1659,JLPT0,早起き,はやおき,,early rising,Verbal Noun
1660,JLPT0,冬休み,ふゆやすみ,,winter vacation,Noun
1661,JLPT0,持って行く,もっていく,,take,Verb
1662,JLPT3,夕飯,ゆうはん,,"evening meal, supper",Noun
1663,JLPT2,酔っ払い,よっぱらい,,"drunkard, boozer",Noun
1664,JLPT2,例,れい,,"example, precedent",Noun
1665,JLPT0,イヤリング,イヤリング,,earrings,Noun
1666,JLPT0,横断歩道,おうだんほどう,,"pedestrian crossing, crosswalk",Noun
1667,JLPT0,お辞儀,おじぎ,,bow,Verbal Noun
1668,JLPT3,お宅,おたく,,"your home, you, fan, geek",Noun
1669,JLPT0,ガールフレンド,ガールフレンド,,girlfriend,Noun
1670,JLPT0,カセットテープ,カセットテープ,,cassette tape,Noun
1671,JLPT2,かゆい,かゆい,,itchy,Adjective
1672,JLPT2,乾かす,かわかす,,dry,Verb
1673,JLPT0,休校,きゅうこう,,temporary closure of school,Verbal Noun
1674,JLPT0,ぐらぐら,ぐらぐら,,wobble,Adverb
1675,JLPT0,航空便,こうくうびん,,airmail,Noun
1676,JLPT3,ジャム,ジャム,,jam,Noun
1677,JLPT4,スリッパ,スリッパ,,slippers,Noun
1678,JLPT0,大嫌い,だいきらい,,hate,Adjectival Noun
1679,JLPT2,畳む,たたむ,,"fold, shut",Verb
1680,JLPT2,トランプ,トランプ,,"(a pack of) cards, (playing) cards",Verbal Noun
1681,JLPT2,万歳,ばんざい,,Banzai! Hurrah! Long live...!,Verbal Noun
1682,JLPT2,番地,ばんち,,"lot number, address",Noun
1683,JLPT2,日陰,ひかげ,,the shade,Noun
1684,JLPT0,美容院,びよういん,,beauty shop,Noun
1685,JLPT2,文房具,ぶんぼうぐ,,"stationery, writing materials",Noun
1686,JLPT0,免許証,めんきょしょう,,license,Noun
1687,JLPT2,訳す,やくす,,translate,Verb
1688,JLPT3,よろしい,よろしい,,all right,Adjective
1689,JLPT2,ラッシュアワー,ラッシュアワー,,rush hour,Noun
1690,JLPT2,両替,りょうがえ,,"money changing, exchange of money",Verbal Noun
1691,JLPT0,明日,あした,,tomorrow,Noun
1692,JLPT2,送り仮名,おくりがな,,kana suffix,Noun
1693,JLPT2,片付く,かたづく,,"be put in order, be settled",Verb
1694,JLPT1,カップ,カップ,,cup,Noun
1695,JLPT2,消しゴム,けしごむ,,eraser,Noun
1696,JLPT2,主人,しゅじん,,"master, husband",Noun
1697,JLPT2,スケート,スケート,,"skate, skates",Noun
1698,JLPT4,たくさん,たくさん,,"in large quantity, plenty",Adverb
1699,JLPT4,中,なか,,"inside, middle",Noun
1700,JLPT2,鍋,なべ,,"pan, saucepan",Noun
1701,JLPT2,怠ける,なまける,,"be lazy, neglect",Verb
1702,JLPT0,二階,にかい,,"second floor, upstairs",Noun
1703,JLPT2,寝坊,ねぼう,,"late riser, oversleeping",Verbal Noun
1704,JLPT0,鋏,はさみ,,"scissors, pincers, tongs",Noun
1705,JLPT2,畑,はたけ,,"field, vegetable garden",Noun
1706,JLPT2,ピクニック,ピクニック,,picnic,Noun
1707,JLPT2,真っ青,まっさお,,"deep-blue, pale (skin)",Adjectival Noun
1708,JLPT2,汚す,よごす,,"make dirty, soil",Verb
1709,JLPT0,酔っ払う,よっぱらう,,get drunk,Verb
1710,JLPT3,忘れ物,わすれもの,,"something left behind, lost item",Noun
1711,JLPT4,あちら,あちら,,way over there,Noun
1712,JLPT2,掛け算,かけざん,,multiplication,Verbal Noun
1713,JLPT2,臭い,くさい,,"ill-smelling, stinking",Adjective
1714,JLPT2,自習,じしゅう,,"self-study, self-teaching",Verbal Noun
1715,JLPT2,突き当たり,つきあたり,,end of a street,Noun
1716,JLPT2,どきどき,どきどき,,"feel excited, feel nervous",Adverb
1717,JLPT3,無くす,なくす,,"lose, get rid of",Verb
1718,JLPT0,納豆,なっとう,,natto (fermented soybeans),Noun
1719,JLPT4,二十歳,はたち,,20 years old,Noun
1720,JLPT4,東,ひがし,,"east, eastern",Noun
1721,JLPT2,まあまあ,まあまあ,,"OK, not bad, average",Adjective
1722,JLPT2,マフラー,マフラー,,"scarf, muffler",Noun
1723,JLPT0,桃,もも,,"peach, peach tree",Noun
1724,JLPT2,アクセサリー,アクセサリー,,"accessories, jewelry",Noun
1725,JLPT2,あくび,あくび,,yawn,Verbal Noun
1726,JLPT2,飴,あめ,,"candy, sweets",Noun
1727,JLPT2,売り切れ,うりきれ,,"sellout, sold out",Noun
1728,JLPT0,お巡りさん,おまわりさん,,policeman,Noun
1729,JLPT0,からから,からから,,"thirsty, dry",Adjective
1730,JLPT2,黄色,きいろ,,yellow,Noun
1731,JLPT2,誘う,さそう,,"invite, ask out",Verb
1732,JLPT2,速達,そくたつ,,"special delivery, express mail",Noun
1733,JLPT4,歯,は,,"tooth, cog",Noun
1734,JLPT0,引き算,ひきざん,,subtraction,Verbal Noun
1735,JLPT0,昼前,ひるまえ,,"in the morning, before noon",Noun
1736,JLPT1,ふらふら,ふらふら,,weak,Adverb
1737,JLPT0,目覚まし時計,めざましどけい,,alarm clock,Noun
1738,JLPT3,予習,よしゅう,,"preparation, previewing (a lesson)",Verbal Noun
1739,JLPT2,こぼす,こぼす,,spill,Verb
1740,JLPT2,ランチ,ランチ,,lunch,Noun
1741,JLPT0,レシート,レシート,,receipt,Noun
1742,JLPT0,持って来る,もってくる,,bring,Verb
1743,JLPT2,気を付ける,きをつける,,"take care of, pay attention to",Verb
1744,JLPT2,刺身,さしみ,,"sashimi, sliced raw meat",Noun
1745,JLPT0,洗面所,せんめんじょ,,"washroom, bathroom",Noun
1746,JLPT1,足し算,たしざん,,addition,Verbal Noun
1747,JLPT0,段々,だんだん,,"gradually, one after another",Adverb
1748,JLPT2,チョーク,チョーク,,chalk,Noun
1749,JLPT3,包む,つつむ,,"wrap, pack",Verb
1750,JLPT0,ティッシュ,ティッシュ,,tissue,Noun
1751,JLPT4,止まる,とまる,,"come to a stop, cease",Verb
1752,JLPT3,無くなる,なくなる,,"disappear, run short, get lost",Verb
1753,JLPT4,西,にし,,"west, western",Noun
1754,JLPT2,ノック,ノック,,knock,Verbal Noun
1755,JLPT0,歯ブラシ,はぶらし,,toothbrush,Noun
1756,JLPT4,暇,ひま,,"free time, spare time",Noun
1757,JLPT0,豚,ぶた,,"pig, pork",Noun
1758,JLPT4,二人,ふたり,,two persons,Noun
1759,JLPT2,褒める,ほめる,,"praise, commend",Verb
1760,JLPT0,本箱,ほんばこ,,bookcase,Noun
1761,JLPT2,止む,やむ,,"stop, abate",Verb
1762,JLPT2,よろしく,よろしく,,"properly, one's regards",Adverb
1763,JLPT3,沸かす,わかす,,"boil, excite",Verb
1764,JLPT0,明後日,あさって,,day after tomorrow,Noun
1765,JLPT2,幾ら,いくら,,how much,Noun
1766,JLPT0,絵葉書,えはがき,,picture postcard,Noun
1767,JLPT2,暖める,あたためる,,"warm, warm up, heat up",Verb
1768,JLPT0,一昨日,おととい,,day before yesterday,Noun
1769,JLPT2,換える,かえる,,"exchange, convert",Verb
1770,JLPT2,書留,かきとめ,,registered mail,Noun
1771,JLPT0,がらがら,がらがら,,empty,Adjective
1772,JLPT2,缶詰,かんづめ,,"canned goods, cooping-up",Noun
1773,JLPT0,ぎらぎら,ぎらぎら,,"dazzling, glaring, blinding",Adverb
1774,JLPT2,九,く,,nine,Noun
1775,JLPT2,怪我,けが,,injury,Verbal Noun
1776,JLPT0,寒さ,さむさ,,"coldness, cold",Noun
1777,JLPT2,祝日,しゅくじつ,,"holiday, festival day",Noun
1778,JLPT0,すき焼き,すきやき,,sukiyaki,Noun
1779,JLPT2,そっち,そっち,,"there, thou",Noun
1780,JLPT4,葉書,はがき,,postcard,Noun
1781,JLPT2,掃く,はく,,"sweep, brush",Verb
1782,JLPT3,昼間,ひるま,,"daytime, day",Noun
1783,JLPT0,ピンポン,ピンポン,,"table tennis, ping pong",Verbal Noun
1784,JLPT0,深さ,ふかさ,,"depth, profundity",Noun
1785,JLPT0,不親切,ふしんせつ,,"unkind, inattentive",Adjectival Noun
1786,JLPT1,ぺこぺこ,ぺこぺこ,,"hungry, starving",Adjective
1787,JLPT0,ぺらぺら,ぺらぺら,,fluently,Adjectival Noun
1788,JLPT0,横書き,よこがき,,horizontal writing,Noun
1789,JLPT2,レインコート,レインコート,,raincoat,Noun
1790,JLPT0,アイス,アイス,,"popsicle, ice lolly",Noun
1791,JLPT0,いつごろ,いつごろ,,"about when, about what time",Noun
1792,JLPT0,ウィスキー,ウィスキー,,whisky,Noun
1793,JLPT1,エアメール,エアメール,,airmail,Noun
1794,JLPT3,字,じ,,"character, letter",Noun
1795,JLPT2,塩辛い,しおからい,,salty,Adjective
1796,JLPT4,七,しち,,seven,Noun
1797,JLPT0,シャープペンシル,シャープペンシル,,mechanical pencil,Noun
1798,JLPT0,セロテープ,セロテープ,,"cellophane tape, Scotch tape, Sellotape",Noun
1799,JLPT0,外側,そとがわ,,"exterior, outside",Noun
1800,JLPT0,そば屋,そばや,,soba restaurant,Noun
1801,JLPT0,たばこ屋,たばこや,,"cigarette shop, tobacco store",Noun
1802,JLPT4,庭,にわ,,"garden, court",Noun
1803,JLPT2,流行る,はやる,,"be in fashion, be popular",Verb
1804,JLPT0,左側,ひだりがわ,,left side,Noun
1805,JLPT2,袋,ふくろ,,"bag, sack",Noun
1806,JLPT0,風呂屋,ふろや,,"bathhouse, public bath",Noun
1807,JLPT2,骨,ほね,,"bone, frame, spirit",Noun
1808,JLPT0,右側,みぎがわ,,right side,Noun
1809,JLPT4,眼鏡,めがね,,"glasses, judgment",Noun
1810,JLPT0,やけど,やけど,,burn,Verbal Noun
1811,JLPT1,汚れ,よごれ,,"dirt, filth",Noun
1812,JLPT0,割り算,わりざん,,division,Verbal Noun
1813,JLPT0,アイスコーヒー,アイスコーヒー,,iced coffee,Noun
1814,JLPT3,間,あいだ,,interval,Noun
1815,JLPT1,顎,あご,,"jaw, chin",Noun
1816,JLPT4,朝御飯,あさごはん,,breakfast,Noun
1817,JLPT2,暖まる,あたたまる,,get warm,Verb
1818,JLPT2,あっち,あっち,,"other side, there",Noun
1819,JLPT2,あんなに,あんなに,,"that, so",Adverb
1820,JLPT2,行き,いき,,going,Noun
1821,JLPT2,いたずら,いたずら,,"mischief, prank",Verbal Noun
1822,JLPT0,ウェートレス,ウェートレス,,waitress,Noun
1823,JLPT3,お祝い,おいわい,,celebrate,Verbal Noun
1824,JLPT4,お菓子,おかし,,"sweets, snacks",Noun
1825,JLPT0,お釣り,おつり,,change,Noun
1826,JLPT0,大人しい,おとなしい,,"gentle, quiet, subdued",Adjective
1827,JLPT0,お祖母さん,おばあさん,,grandmother,Noun
1828,JLPT0,おばさん,おばさん,,aunt,Noun
1829,JLPT3,お土産,おみやげ,,souvenir,Noun
1830,JLPT3,表,おもて,,"front side, face, outside",Noun
1831,JLPT1,書き取る,かきとる,,"write down, note down",Verb
1832,JLPT2,泊める,とめる,,"lodge, give shelter",Verb
1833,JLPT2,歌手,かしゅ,,singer,Noun
1834,JLPT0,風邪薬,かぜぐすり,,remedy for a cold,Noun
1835,JLPT2,方,かた,,person　（polite form),Noun
1836,JLPT3,形,かたち,,"shape, form",Noun
1837,JLPT0,鞄,かばん,,"bag, handbag, briefcase",Noun
1838,JLPT2,被る,かぶる,,"wear, put on",Verb
1839,JLPT2,雷,かみなり,,"thunder, lightning",Noun
1840,JLPT0,上がる,あがる,,"get nervous, get stage fright",Verb
1841,JLPT0,空手,からて,,"karate, empty hand",Noun
1842,JLPT2,缶,かん,,"can, tin",Noun
1843,JLPT0,元旦,がんたん,,New Year's Day,Noun
1844,JLPT2,着替える,きがえる,,change clothes,Verb
1845,JLPT3,厳しい,きびしい,,"strict, severe, intense",Adjective
1846,JLPT3,客,きゃく,,"visitor, customer",Noun
1847,JLPT2,金,きん,,"gold, sum of money, Friday",Noun
1848,JLPT0,くし,くし,,comb,Noun
1849,JLPT3,雲,くも,,cloud,Noun
1850,JLPT2,クリーニング,クリーニング,,"cleaning, laundry",Verbal Noun
1851,JLPT3,景色,けしき,,"scenery, landscape",Noun
1852,JLPT2,喧嘩,けんか,,"fight, quarrel, argument",Verbal Noun
1853,JLPT0,答え,こたえ,,"answer, solution",Noun
1854,JLPT3,ごちそう,ごちそう,,"feast, treat",Noun
1855,JLPT0,ごちそうする,ごちそうする,,treat,Verb
1856,JLPT0,この頃,このごろ,,"now, these days, recently",Noun
1857,JLPT2,こぼれる,こぼれる,,"spill, overflow",Verb
1858,JLPT3,壊れる,こわれる,,"break, break down, get out of order",Verb
1859,JLPT2,こんなに,こんなに,,"this, so, such",Adverb
1860,JLPT0,ざあざあ,ざあざあ,,"heavily, pouring",Adverb
1861,JLPT2,再来月,さらいげつ,,the month after next,Noun
1862,JLPT2,再来週,さらいしゅう,,the week after next,Noun
1863,JLPT3,騒ぐ,さわぐ,,"make a racket, mess around, make a fuss",Verb
1864,JLPT3,残念,ざんねん,,"regretful, disappointing",Adjectival Noun
1865,JLPT2,叱る,しかる,,"scold, tell off, reprimand",Verb
1866,JLPT0,仕舞う,しまう,,put away,Verb
1867,JLPT2,氏名,しめい,,name,Noun
1868,JLPT0,ジャガイモ,ジャガイモ,,potato,Noun
1869,JLPT0,車道,しゃどう,,"road, roadway",Noun
1870,JLPT4,丈夫,じょうぶ,,"healthy, stout",Adjectival Noun
1871,JLPT2,醤油,しょうゆ,,soy sauce,Noun
1872,JLPT2,白,しろ,,white,Noun
1873,JLPT3,心配,しんぱい,,"anxiety, worry, good offices",Verbal Noun
1874,JLPT2,石鹸,せっけん,,soap,Noun
1875,JLPT4,洗濯,せんたく,,"laundering, washing",Verbal Noun
1876,JLPT0,掃除機,そうじき,,vacuum cleaner,Noun
1877,JLPT2,袖,そで,,sleeve,Noun
1878,JLPT4,外,そと,,"outside, open air",Noun
1879,JLPT3,祖父,そふ,,grandfather,Noun
1880,JLPT2,ソファー,ソファー,,"sofa, sofa bed",Noun
1881,JLPT3,祖母,そぼ,,grandmother,Noun
1882,JLPT4,空,そら,,"sky, weather",Noun
1883,JLPT2,剃る,そる,,shave,Verb
1884,JLPT2,台,だい,,"stand, platform",Noun
1885,JLPT3,大事,だいじ,,importance,Adjectival Noun
1886,JLPT4,大切,たいせつ,,"important, valuable",Adjectival Noun
1887,JLPT2,倒す,たおす,,"bring down, overthrow, defeat",Verb
1888,JLPT2,助ける,たすける,,"help, save",Verb
1889,JLPT4,たばこ,たばこ,,"tobacco, cigarette",Noun
1890,JLPT2,誰か,だれか,,someone,Noun
1891,JLPT3,血,ち,,blood,Noun
1892,JLPT0,茶わん,ちゃわん,,"tea cup, rice bowl",Noun
1893,JLPT2,昼食,ちゅうしょく,,lunch,Noun
1894,JLPT2,長女,ちょうじょ,,eldest daughter,Noun
1895,JLPT0,朝食,ちょうしょく,,breakfast,Noun
1896,JLPT4,ちょうど,ちょうど,,"just, as if",Adverb
1897,JLPT4,ちょっと,ちょっと,,"just a moment, just a little, easily",Adverb
1898,JLPT3,つく,つく,,"be on, switched on",Verb
1899,JLPT4,机,つくえ,,"desk, table",Noun
1900,JLPT4,勤める,つとめる,,"serve, hold a job",Verb
1901,JLPT2,爪,つめ,,"nail, claw",Noun
1902,JLPT3,寺,てら,,buddhist temple,Noun
1903,JLPT0,てんぷら,てんぷら,,"tempura, Japanese deep-fried breaded food",Noun
1904,JLPT0,年上,としうえ,,"older, senior",Noun
1905,JLPT4,鳥,とり,,"bird, poultry",Noun
1906,JLPT0,とんとん,とんとん,,tapping,Adverb
1907,JLPT0,長袖,ながそで,,clothes with long sleeves,Noun
1908,JLPT0,茄子,なす,,eggplant,Noun
1909,JLPT4,何,なん,,"what, which",Noun
1910,JLPT0,兄さん,にいさん,,older brother,Noun
1911,JLPT2,賑やか,にぎやか,,"lively, exciting",Adjectival Noun
1912,JLPT4,肉,にく,,"flesh, meat",Noun
1913,JLPT0,鶏,にわとり,,"chicken, hen",Noun
1914,JLPT2,人気,にんき,,"popularity, temperament of the people, business conditions",Noun
1915,JLPT2,人間,にんげん,,"human being, people",Noun
1916,JLPT0,にんじん,にんじん,,carrot,Noun
1917,JLPT0,ぬるい,ぬるい,,"tepid, lukewarm",Adjective
1918,JLPT2,濡れる,ぬれる,,get wet,Verb
1919,JLPT0,姉さん,ねえさん,,"older sister, girl, miss",Noun
1920,JLPT3,眠い,ねむい,,sleepy,Adjective
1921,JLPT3,眠る,ねむる,,sleep,Verb
1922,JLPT2,上り,のぼり,,"going up, ascent",Noun
1923,JLPT2,パーセント,パーセント,,percent,Noun
1924,JLPT2,灰,はい,,ashes,Noun
1925,JLPT2,灰色,はいいろ,,"ash color, gray",Noun
1926,JLPT2,拍手,はくしゅ,,"applause, clapping",Verbal Noun
1927,JLPT4,橋,はし,,bridge,Noun
1928,JLPT0,初め,はじめ,,beginning,Noun
1929,JLPT0,柱,はしら,,"pillar, prop",Noun
1930,JLPT2,旗,はた,,"flag, banner",Noun
1931,JLPT2,貼る,はる,,"stick, paste",Verb
1932,JLPT0,半袖,はんそで,,short-sleeved shirt,Noun
1933,JLPT0,半月,はんつき,,half a month,Noun
1934,JLPT0,半日,はんにち,,half a day,Noun
1935,JLPT3,火,ひ,,fire,Noun
1936,JLPT4,弾く,ひく,,play on,Verb
1937,JLPT0,ひざ,ひざ,,knee,Noun
1938,JLPT0,ひじ,ひじ,,elbow,Noun
1939,JLPT0,人々,ひとびと,,people,Noun
1940,JLPT0,ひも,ひも,,"laces, string, rope",Noun
1941,JLPT2,表,ひょう,,"table, list",Noun
1942,JLPT0,昼過ぎ,ひるすぎ,,early afternoon,Noun
1943,JLPT2,瓶,びん,,"bottle, flask",Noun
1944,JLPT2,拭く,ふく,,"wipe, dry",Verb
1945,JLPT3,復習,ふくしゅう,,review,Verbal Noun
1946,JLPT4,豚肉,ぶたにく,,"pork, hog meat",Noun
1947,JLPT2,船便,ふなびん,,"surface mail, shipping service",Noun
1948,JLPT3,船,ふね,,"ship, boat, vessel",Noun
1949,JLPT4,降る,ふる,,"fall, come down",Verb
1950,JLPT2,風呂,ふろ,,bath,Noun
1951,JLPT0,平成,へいせい,,Heisei era,Noun
1952,JLPT4,下手,へた,,not good at,Adjectival Noun
1953,JLPT3,返事,へんじ,,"answer, reply",Verbal Noun
1954,JLPT2,便所,べんじょ,,"lavatory, bathroom",Noun
1955,JLPT3,星,ほし,,"star, planet, spot",Noun
1956,JLPT2,本当,ほんとう,,"truth, reality",Noun
1957,JLPT4,毎月,まいつき,,every month,Noun
1958,JLPT0,まく,まく,,"scatter, plant",Verb
1959,JLPT2,枕,まくら,,pillow,Noun
1960,JLPT2,孫,まご,,grandchild,Noun
1961,JLPT2,又,また,,"again, also, or",Adverb
1962,JLPT4,町,まち,,"town, machi, city quarter",Noun
1963,JLPT2,丸,まる,,"circle or sphere, wholeness",Noun
1964,JLPT3,港,みなと,,"port, harbor",Noun
1965,JLPT4,南,みなみ,,south,Noun
1966,JLPT2,紫,むらさき,,purple,Noun
1967,JLPT2,姪,めい,,niece,Noun
1968,JLPT3,木綿,もめん,,cotton,Noun
1969,JLPT0,やかん,やかん,,kettle,Noun
1970,JLPT3,焼く,やく,,"burn, bake, be envious",Verb
1971,JLPT2,痩せる,やせる,,"lose weight, become thin",Verb
1972,JLPT4,山,やま,,mountain,Noun
1973,JLPT3,湯,ゆ,,"hot water, hot bath, bathhouse",Noun
1974,JLPT0,夕食,ゆうしょく,,supper,Noun
1975,JLPT0,昨夜,ゆうべ,,"last night, last evening",Noun
1976,JLPT2,行き,ゆき,,going,Noun
1977,JLPT3,指,ゆび,,"finger, toe",Noun
1978,JLPT2,緩い,ゆるい,,"slack, loose",Adjective
1979,JLPT1,良い,よい,,"good, suitable, preferable",Adjective
1980,JLPT0,ようこそ,ようこそ,,welcome,Adverb
1981,JLPT3,汚れる,よごれる,,"become dirty, become defiled",Verb
1982,JLPT2,四つ角,よつかど,,"street corner, intersection",Noun
1983,JLPT2,夜中,よなか,,"midnight, dead of night",Noun
1984,JLPT4,両親,りょうしん,,parents,Noun
1985,JLPT4,零,れい,,"zero, naught",Noun
1986,JLPT0,曲がり角,まがりかど,,corner,Noun
1987,JLPT0,ウェーター,ウェーター,,waiter,Noun
1988,JLPT0,お医者さん,おいしゃさん,,doctor,Noun
1989,JLPT0,細か,こまか,,"minute, elaborate",Adjectival Noun
1990,JLPT0,絶対に,ぜったいに,,"absolutely, unconditionally",Adverb
1991,JLPT2,そんなに,そんなに,,"that, so",Adverb
1992,JLPT0,連れて行く,つれていく,,take (a person) along,Verb
1993,JLPT0,連れて来る,つれてくる,,bring (a person),Verb
1994,JLPT0,似ている,にている,,"look like, resemble",Verb
1995,JLPT3,音,おと,,"sound, speech sound, Chinese pronunciation of a character",Noun
1996,JLPT2,始めに,はじめに,,"in the beginning, early in",Adverb
1997,JLPT0,一人で,ひとりで,,by oneself,Adverb
1998,JLPT0,不動産屋,ふどうさんや,,"real estate agent, realtor",Noun
1999,JLPT0,郵便屋さん,ゆうびんやさん,,mailman,Noun
2000,JLPT2,可,か,,"permitted, OK",Noun